,11,12,19,20,41,42,49,50,61,62,63,64,65,69,81,89,91,92,99,101,109,111,121,122,123,124,129,131,132,139,151,159,160,171,172,179,181,182,183,189,190,201,202,209,211,212,219,221,222,223,229,230,241,242,249,251,259,261,262,269,271,279,280,291,292,299,300,311,319,321,329,331,339,341,342,350,361,362,363,364,369,371,372,373,379,380,391,392,393,394,399,401,402,409,411,419,421,422,423,429,441,451,452,459,460,471,472,473,479,481,482,483,484,485,486,487,488,489,491,499,500,511,512,513,519,531,532,539,540,551,559,560
11,93953.4,12894.6,137322.4,NA,NA,NA,NA,75668,NA,NA,NA,NA,NA,NA,NA,NA,78832.2,NA,NA,NA,NA,NA,NA,NA,NA,NA,NA,8258.2,NA,NA,NA,NA,NA,NA,NA,NA,NA,NA,NA,NA,NA,NA,NA,NA,NA,NA,NA,NA,NA,16017.6,NA,NA,NA,NA,NA,NA,NA,NA,NA,NA,NA,NA,10424.2,NA,NA,NA,NA,NA,NA,NA,NA,NA,NA,NA,NA,NA,NA,NA,NA,NA,NA,NA,NA,NA,NA,NA,NA,NA,NA,NA,NA,NA,NA,NA,NA,NA,NA,NA,NA,NA,NA,NA,NA,NA,NA,NA,NA,NA,13462,NA,NA,NA,NA,NA,NA,NA,NA,NA,NA,NA,NA,NA,NA,NA,NA,NA,NA,NA,NA,NA,NA,NA
12,569,45287.4,1980.8,NA,NA,NA,NA,517.2,NA,NA,NA,NA,NA,NA,NA,NA,NA,NA,NA,NA,NA,NA,NA,336.6,1.6,847.2,4730.8,NA,NA,543.2,NA,NA,NA,NA,NA,NA,NA,NA,NA,NA,NA,NA,NA,NA,NA,90.2,335.4,519.2,NA,1519.2,480.2,NA,NA,NA,NA,NA,NA,NA,NA,NA,NA,NA,1626.2,NA,NA,NA,NA,NA,NA,NA,NA,NA,NA,NA,NA,NA,NA,NA,NA,NA,NA,NA,NA,NA,NA,NA,NA,NA,NA,NA,NA,1828.2,NA,NA,NA,NA,NA,NA,NA,NA,NA,NA,NA,NA,NA,NA,1820.6,NA,61.4,NA,158.2,NA,NA,NA,NA,NA,NA,NA,NA,NA,NA,NA,NA,NA,NA,NA,NA,NA,NA,NA,NA,NA
19,26404,NA,852367.6,NA,28546.4,NA,NA,131254.4,391497.8,NA,18569.2,53815.6,42168,NA,22537.8,NA,NA,1878.4,NA,NA,15719.8,6.2,82101.2,36865.4,78458.8,28729,52643.8,289341.8,4778,60743.4,NA,NA,0.6,291393.8,NA,82546.6,NA,27220.8,6655.8,17,45802.2,22215.8,NA,NA,21721.2,4277.6,10185,NA,NA,1208,36079.4,25092.8,22345,44802.8,14282.6,3119.4,NA,21306.6,2081.4,NA,14813.6,NA,246248.4,3138.8,8664,227779.6,NA,563.2,3581,NA,NA,NA,NA,71352.6,5214.6,1.2,NA,NA,14916.4,NA,4674.8,50907.8,9792.2,4013.6,77726.2,NA,149807.2,23046.8,NA,8193.6,NA,10698,70.8,NA,6212,NA,15029.6,19130.8,15909,34885.2,NA,1215.8,1621.4,86117.2,NA,568,10080.4,11972.6,18682.8,NA,NA,NA,558277.8,NA,121460,NA,97937,98591.6,21834,NA,NA,16707.6,38197.2,NA,2081.4,NA,NA,NA,6299.8,5122.6,56068.6,NA
20,NA,NA,NA,126047,NA,NA,NA,NA,1210,NA,NA,1030.8,NA,NA,NA,NA,NA,NA,NA,NA,NA,NA,NA,NA,NA,NA,NA,NA,NA,NA,NA,NA,NA,NA,NA,NA,NA,NA,NA,NA,NA,NA,NA,NA,NA,NA,NA,NA,NA,NA,NA,NA,1008.6,NA,NA,436.2,NA,NA,NA,NA,344.2,NA,NA,264.6,241.8,NA,NA,NA,NA,NA,NA,NA,NA,NA,NA,NA,NA,NA,NA,NA,NA,NA,NA,NA,NA,NA,NA,NA,NA,NA,NA,NA,NA,NA,27775.4,NA,NA,NA,NA,NA,NA,NA,NA,NA,NA,NA,NA,NA,NA,NA,NA,NA,696.2,NA,NA,NA,NA,NA,NA,NA,NA,NA,NA,NA,NA,231395,NA,102.6,NA,30.6,NA,NA
41,NA,NA,NA,NA,201938.4,13703.4,26445,NA,114594.6,NA,15661.2,28648.6,35070.4,NA,374.8,NA,NA,NA,NA,NA,NA,NA,NA,NA,4750.2,NA,1263.8,13948.6,NA,NA,NA,NA,NA,42219.2,NA,NA,NA,NA,NA,NA,NA,NA,11752.6,NA,NA,NA,NA,NA,NA,NA,NA,NA,NA,NA,NA,NA,NA,NA,NA,NA,NA,NA,NA,NA,NA,NA,NA,NA,NA,13178.2,NA,NA,NA,NA,NA,NA,NA,NA,718.6,NA,NA,NA,NA,NA,NA,NA,2580.2,NA,NA,NA,NA,14672.2,NA,NA,NA,NA,NA,NA,NA,NA,NA,NA,NA,NA,23959,NA,NA,NA,NA,NA,NA,NA,12972.2,14813.8,20504.6,NA,79.4,NA,6350.6,NA,NA,NA,NA,NA,NA,NA,NA,NA,NA,NA,22041.8,NA
42,NA,NA,NA,NA,6296,47465.4,8360.6,480,2203.8,NA,204.2,2203.8,NA,NA,1691.4,NA,NA,NA,NA,NA,NA,NA,NA,NA,NA,NA,NA,NA,NA,NA,NA,NA,NA,NA,NA,NA,NA,NA,NA,NA,NA,NA,NA,NA,NA,NA,NA,NA,NA,NA,NA,NA,NA,NA,NA,NA,NA,NA,NA,NA,NA,NA,NA,NA,NA,NA,NA,NA,NA,495,474.2,NA,NA,NA,NA,8482.2,NA,812.6,NA,NA,NA,NA,NA,NA,NA,NA,NA,NA,NA,NA,NA,373.4,NA,NA,NA,NA,NA,NA,NA,NA,NA,NA,NA,NA,NA,NA,NA,NA,NA,643,NA,NA,654.2,2.4,536.4,NA,NA,603,616,NA,NA,NA,NA,NA,NA,621.4,NA,NA,NA,NA,NA,NA
49,NA,NA,NA,NA,NA,NA,4129.4,NA,NA,NA,NA,NA,NA,NA,NA,NA,NA,NA,NA,NA,NA,NA,NA,NA,NA,NA,NA,NA,NA,NA,NA,NA,NA,NA,NA,NA,NA,NA,NA,NA,NA,NA,NA,NA,NA,NA,NA,NA,NA,NA,NA,NA,NA,NA,NA,NA,NA,NA,NA,NA,NA,NA,NA,NA,NA,NA,NA,NA,NA,NA,NA,NA,NA,NA,NA,NA,NA,NA,NA,NA,NA,NA,NA,NA,NA,NA,NA,NA,NA,NA,NA,NA,NA,NA,NA,NA,NA,NA,NA,NA,NA,NA,NA,NA,NA,NA,NA,NA,NA,NA,NA,NA,NA,NA,NA,NA,NA,NA,NA,NA,NA,NA,NA,NA,NA,NA,NA,NA,NA,NA,NA,NA
50,35412.2,5306.6,14842.2,NA,125056.4,8150.4,12312.4,6324429.2,244691.6,13.8,13816.8,90521.8,320.4,NA,122936.8,NA,NA,NA,NA,NA,NA,NA,8208.4,51506.2,20649.4,25077,21118.4,85617,NA,NA,NA,NA,NA,68427,NA,NA,NA,NA,51506.2,10574.2,168205,49244.6,NA,361071.6,31425.2,38756.8,9993.4,14692,NA,135654.4,NA,30783,10332,0.8,7361.6,NA,76388.2,12917.2,NA,NA,94146.2,12310,81981.8,10784.8,81513.4,724902.8,NA,NA,328084.2,NA,1883,NA,NA,59028.8,NA,12702.6,28909.2,NA,54384.6,NA,105980,NA,NA,10543,677.2,139.8,9674,NA,NA,NA,90699.8,95382,42754.4,339135.8,54198.2,NA,141905,NA,51714,40564.8,NA,NA,NA,2123,NA,25827.4,24390.2,NA,26056.2,NA,NA,NA,105333.4,NA,184405,332054.2,22766.6,14176.2,62136,NA,NA,NA,NA,29674.4,26933.8,64295.6,NA,NA,NA,49329.4,8448,NA
61,NA,NA,3.6,1281.2,245777.8,810.8,3.4,8818.2,4326074.8,93020.2,355159.6,405534.8,42092,208154.6,8172.2,3186.6,1760.4,2468,NA,NA,NA,NA,22577.4,14245,46628.8,2285.8,699.8,42300.4,NA,NA,8341.8,6231.8,8291.8,66591.8,3557,2701.2,NA,NA,NA,NA,4071.6,4658,NA,4491.4,858,NA,NA,NA,NA,NA,NA,NA,19284.6,11156.6,NA,13155.6,NA,2475,248.2,NA,2169,2377.6,8996.6,NA,NA,1143,0.2,2389,NA,138073.2,13245.8,NA,NA,122921.2,8340.4,12616.2,NA,NA,75825.8,NA,6161.6,12104.2,NA,NA,NA,NA,NA,NA,682.4,NA,1713.6,4348.2,NA,237,18140.8,1349.4,6602.8,1864.4,NA,2031.4,NA,NA,NA,NA,NA,2534.8,NA,NA,NA,4440.6,NA,NA,59587.2,NA,53212.6,4409,11773,14717.2,58253.6,NA,NA,22341.6,939.4,496.8,5652,48978.8,NA,516.2,NA,11718.6,NA,NA
62,NA,NA,NA,NA,NA,NA,NA,NA,3022.8,38410.2,NA,44368.2,626.6,8774.8,NA,NA,NA,NA,NA,NA,NA,NA,NA,NA,NA,NA,NA,NA,NA,NA,NA,NA,NA,NA,NA,NA,NA,NA,NA,NA,NA,NA,NA,NA,NA,NA,NA,NA,NA,NA,NA,NA,NA,NA,NA,NA,NA,NA,NA,NA,NA,NA,NA,NA,NA,NA,NA,NA,NA,NA,2174,NA,NA,NA,NA,NA,NA,NA,NA,NA,NA,NA,NA,NA,NA,NA,NA,NA,NA,NA,NA,NA,NA,NA,NA,NA,NA,NA,NA,NA,NA,NA,NA,NA,NA,NA,NA,NA,NA,NA,NA,NA,NA,NA,NA,NA,NA,NA,NA,NA,NA,NA,NA,NA,NA,907.2,NA,NA,NA,NA,NA,NA
63,NA,NA,NA,NA,38444.4,NA,NA,4571,296494.2,NA,154486.2,4530.4,NA,3685.8,NA,NA,NA,NA,NA,NA,NA,NA,NA,NA,NA,NA,NA,NA,NA,NA,NA,NA,NA,NA,NA,8606,NA,NA,NA,NA,NA,NA,NA,NA,NA,NA,NA,NA,NA,191.6,NA,NA,NA,NA,NA,NA,NA,NA,NA,NA,NA,NA,NA,4610.4,NA,NA,NA,NA,NA,2215,10916.2,NA,NA,NA,NA,10733,NA,NA,NA,NA,NA,NA,NA,NA,NA,NA,NA,NA,13159.2,NA,NA,NA,4674.4,15849.8,NA,NA,NA,NA,NA,NA,NA,NA,NA,NA,NA,NA,NA,NA,NA,NA,NA,NA,8681.2,NA,NA,NA,NA,356.2,NA,NA,NA,NA,NA,NA,NA,1402.2,NA,NA,NA,NA,6196.8,3.8
64,NA,NA,NA,NA,24966.2,NA,NA,NA,115814.4,55412.2,NA,612952.8,NA,51373.2,3497.4,NA,NA,NA,NA,NA,NA,NA,NA,17204.6,0.2,NA,974.4,23134.6,NA,NA,13803,NA,0.2,69251.2,NA,323,NA,NA,NA,NA,2743.4,NA,NA,NA,NA,NA,NA,NA,NA,36,NA,NA,735,9761.4,NA,0.2,NA,NA,NA,NA,22.4,483.6,NA,NA,NA,NA,NA,0.2,545,1984.4,590.4,NA,NA,33081.2,NA,NA,NA,NA,26537,NA,2664,NA,NA,0.2,NA,NA,NA,NA,NA,0.2,NA,NA,NA,NA,6446.4,0.2,18058,NA,9,NA,NA,NA,NA,NA,NA,NA,0.2,NA,NA,0.2,NA,NA,55056.6,NA,22399.6,NA,NA,1790.8,26268.4,NA,NA,74007.4,NA,70.4,NA,82426.4,NA,323.8,NA,0.2,NA,NA
65,NA,NA,NA,NA,60522.4,NA,NA,NA,542793.2,91582.2,50725.4,495218.6,252213.2,132068.2,6631.8,4.4,NA,NA,NA,NA,NA,657.4,NA,NA,6375,NA,859.4,NA,NA,NA,NA,NA,NA,3.6,NA,NA,NA,NA,NA,NA,NA,NA,NA,0.4,NA,NA,NA,NA,NA,NA,NA,NA,NA,NA,NA,NA,NA,NA,NA,534,189.4,3631.6,NA,NA,NA,NA,NA,NA,8622.4,1702.6,11174.6,NA,NA,0.2,NA,NA,NA,NA,564.4,NA,NA,NA,NA,NA,NA,NA,NA,NA,NA,NA,NA,NA,NA,NA,18139.6,3683.8,0.2,NA,NA,4479.6,NA,NA,NA,NA,NA,NA,NA,NA,NA,NA,NA,NA,2365,NA,2143.2,NA,1095.2,NA,6567.4,NA,NA,NA,NA,NA,NA,15708.6,NA,NA,NA,NA,NA,NA
69,NA,NA,58878.4,NA,24117.4,NA,NA,NA,947865,99853.6,135749.4,391478.2,134123.2,519645.2,104486.4,NA,NA,NA,NA,NA,NA,NA,11017.6,8206.2,14310.2,NA,10937.8,NA,NA,NA,8603,NA,99849.2,6312.2,NA,NA,5974.6,NA,NA,NA,4328.8,1608.8,NA,NA,22219.4,NA,NA,NA,NA,8409.4,NA,NA,NA,NA,NA,NA,NA,6228.8,14381.8,NA,NA,NA,NA,1240.6,NA,NA,3903.6,NA,NA,13308,NA,NA,NA,NA,2721.2,NA,NA,4866,12128.6,NA,2521.2,NA,NA,938.6,NA,NA,NA,NA,NA,NA,NA,NA,NA,NA,31812.6,NA,NA,NA,NA,NA,NA,NA,NA,NA,NA,NA,NA,NA,NA,NA,NA,NA,24291.6,9700.6,27128.4,NA,6630.2,23454,21991.2,NA,NA,NA,NA,NA,NA,198293.4,NA,NA,NA,NA,69714.2,NA
81,41,NA,NA,NA,7236,NA,NA,NA,16805.2,NA,884.8,NA,NA,NA,475892,50943.4,NA,NA,NA,NA,NA,NA,NA,NA,598.2,NA,1561.4,2326.8,NA,NA,NA,NA,NA,NA,NA,NA,NA,1188,1299.4,NA,19452,NA,NA,29587.2,NA,NA,NA,NA,NA,NA,NA,NA,1917.4,1549.8,1436.4,1443,NA,NA,12395.6,0.2,2479.8,691.4,NA,NA,NA,NA,0.2,NA,41518.4,NA,NA,NA,NA,NA,8879.6,2633.6,NA,NA,NA,NA,NA,NA,NA,NA,649.4,NA,NA,37.6,2318,143.6,NA,NA,NA,NA,NA,NA,4438,NA,NA,NA,NA,NA,NA,NA,NA,NA,6351,NA,NA,NA,NA,NA,NA,NA,5794.2,NA,429.4,5565.4,147.6,NA,NA,NA,NA,NA,NA,NA,NA,NA,NA,NA,NA,NA
89,NA,NA,NA,NA,NA,NA,NA,77,58000,NA,NA,21790.4,29333.6,NA,267890.2,100034.4,NA,NA,NA,NA,NA,NA,NA,NA,26583.4,NA,12508.6,33949.4,NA,NA,NA,NA,NA,34280.4,NA,NA,NA,NA,NA,NA,NA,NA,NA,NA,NA,NA,NA,NA,NA,NA,NA,NA,NA,31416.8,NA,4915.6,45916.8,27516.2,NA,NA,26189.4,47366.8,NA,NA,NA,NA,NA,NA,NA,NA,NA,NA,NA,53166.8,19820.8,NA,24381.8,NA,NA,NA,NA,NA,NA,NA,19333.4,NA,103837,17859.4,NA,NA,36250,75658.6,NA,NA,24865.2,NA,25002.8,NA,12090.6,48376.8,NA,NA,NA,19293.4,NA,NA,NA,NA,3268,NA,NA,NA,9839,NA,90376.2,39357.8,NA,NA,5054.4,NA,NA,NA,NA,NA,7341.2,56497,NA,NA,NA,77725,97053.4,NA
91,NA,NA,NA,NA,NA,NA,NA,NA,NA,NA,NA,NA,NA,NA,NA,NA,65799.2,52964.8,9307,NA,NA,NA,NA,NA,NA,NA,NA,NA,NA,NA,NA,NA,NA,NA,NA,NA,NA,NA,NA,NA,NA,NA,NA,NA,NA,NA,NA,NA,NA,NA,NA,NA,NA,NA,NA,44696.6,104935.6,NA,NA,NA,NA,NA,NA,NA,NA,NA,NA,NA,NA,NA,NA,7531.8,NA,NA,NA,NA,22323.8,NA,NA,NA,4388.6,NA,NA,NA,NA,NA,NA,NA,NA,NA,NA,NA,NA,NA,NA,NA,NA,NA,NA,NA,11187.8,NA,NA,NA,NA,NA,NA,NA,NA,NA,NA,NA,NA,NA,NA,NA,NA,NA,NA,NA,21777.8,NA,NA,NA,NA,NA,NA,NA,NA,NA,NA,NA
92,NA,NA,NA,NA,NA,NA,NA,NA,2469.8,NA,NA,NA,NA,NA,NA,NA,12270.4,42151.8,138.2,NA,NA,NA,NA,NA,NA,NA,NA,2,NA,NA,NA,NA,NA,0.2,NA,NA,NA,NA,0.2,NA,NA,NA,NA,NA,NA,NA,NA,NA,NA,NA,NA,NA,NA,NA,NA,20.6,25475.2,3713.6,NA,NA,NA,NA,NA,NA,NA,NA,NA,NA,NA,NA,NA,NA,NA,NA,NA,NA,98.8,NA,NA,NA,1179.6,NA,NA,NA,NA,NA,0.2,0.4,NA,NA,NA,NA,NA,NA,NA,NA,NA,0.4,NA,0.2,19671.6,NA,NA,NA,NA,NA,NA,NA,NA,NA,NA,NA,NA,NA,NA,NA,NA,NA,NA,NA,NA,NA,NA,NA,NA,NA,NA,NA,NA,2258.8,92.4,NA
99,NA,NA,NA,NA,NA,NA,NA,NA,806,NA,0.2,371.6,NA,NA,NA,NA,475.4,NA,3183.2,NA,NA,NA,NA,NA,NA,NA,NA,NA,NA,NA,NA,NA,NA,NA,NA,NA,NA,NA,NA,NA,NA,NA,NA,NA,NA,NA,NA,NA,NA,NA,NA,4093,NA,NA,NA,NA,2027.6,NA,NA,NA,NA,NA,NA,NA,NA,NA,NA,NA,NA,NA,NA,NA,NA,2214.4,NA,NA,NA,NA,1957.4,NA,NA,NA,NA,NA,NA,NA,NA,NA,NA,NA,NA,NA,NA,NA,NA,NA,NA,NA,NA,NA,338.2,NA,NA,NA,NA,NA,NA,NA,NA,NA,NA,NA,NA,NA,NA,NA,NA,NA,NA,NA,NA,NA,NA,NA,NA,NA,NA,NA,NA,NA,NA,NA
101,NA,NA,NA,NA,NA,NA,NA,NA,NA,NA,NA,NA,NA,NA,NA,NA,NA,NA,NA,6050.4,NA,NA,NA,NA,NA,NA,NA,NA,NA,NA,NA,NA,NA,NA,NA,NA,NA,NA,NA,NA,NA,NA,NA,NA,NA,NA,NA,NA,NA,NA,NA,NA,NA,NA,NA,NA,NA,NA,NA,NA,NA,NA,NA,NA,NA,NA,NA,NA,NA,NA,NA,NA,NA,NA,NA,NA,NA,NA,NA,NA,NA,NA,NA,NA,NA,NA,NA,NA,NA,NA,NA,NA,NA,NA,NA,NA,NA,NA,NA,NA,NA,NA,NA,NA,NA,NA,NA,NA,NA,NA,NA,NA,NA,NA,NA,NA,NA,NA,NA,NA,NA,NA,NA,NA,NA,NA,NA,NA,NA,NA,NA,NA
109,NA,NA,21062.2,NA,NA,NA,NA,NA,2045.4,NA,NA,NA,NA,NA,1586,NA,31806.8,62923,NA,8156.6,170150.2,6936.2,NA,NA,10610,1381.4,15545.8,39975,NA,19987.6,NA,NA,NA,10511,NA,NA,NA,NA,NA,NA,NA,NA,NA,NA,NA,NA,NA,NA,NA,NA,NA,53015.8,16094.6,17888.8,55521,67282.4,8511.6,NA,NA,NA,NA,NA,NA,NA,NA,8659,NA,NA,NA,NA,NA,NA,NA,217642,NA,NA,57701.8,24633.6,237132.2,1571.2,NA,NA,2131.6,NA,26650,NA,NA,758.2,NA,NA,8883.4,NA,NA,NA,NA,NA,17646.2,184622.6,NA,68846,17743.8,NA,NA,NA,NA,NA,1886.6,NA,1748.4,NA,NA,NA,NA,NA,NA,NA,NA,NA,NA,NA,NA,10281,21855.4,20002.4,85851,12900.6,NA,NA,NA,NA,19621,NA
111,NA,NA,NA,NA,NA,NA,NA,NA,NA,NA,NA,NA,NA,NA,NA,NA,NA,NA,NA,NA,39.8,58708,NA,NA,NA,NA,NA,NA,NA,NA,NA,NA,NA,NA,NA,NA,NA,NA,NA,NA,NA,NA,NA,NA,NA,NA,NA,NA,NA,NA,NA,NA,6224.2,23603.2,3234.6,NA,NA,NA,NA,NA,NA,NA,NA,NA,NA,NA,NA,NA,NA,NA,NA,NA,NA,688.4,748.4,NA,NA,NA,527.6,NA,NA,NA,NA,243.2,NA,NA,NA,NA,NA,NA,NA,NA,NA,NA,NA,NA,2894.2,NA,NA,281.4,NA,NA,NA,NA,NA,NA,NA,NA,NA,NA,NA,NA,NA,NA,NA,NA,NA,NA,NA,NA,NA,1040.8,1110.2,29068.6,802.4,NA,NA,NA,NA,NA,NA,NA
121,130.4,NA,NA,NA,NA,NA,NA,NA,NA,NA,NA,NA,NA,NA,NA,NA,NA,NA,NA,NA,NA,NA,96995.6,43779.2,18970.6,11808.2,116901.4,NA,19105.4,42723.8,NA,NA,NA,NA,NA,NA,NA,0.2,NA,NA,NA,NA,NA,NA,NA,NA,2428.4,NA,NA,NA,NA,NA,NA,NA,NA,NA,NA,NA,NA,285.6,NA,NA,241.8,NA,1304.8,NA,NA,NA,NA,NA,NA,NA,NA,NA,NA,NA,NA,NA,NA,NA,NA,NA,1510.6,NA,NA,NA,NA,NA,NA,NA,NA,NA,NA,NA,NA,NA,NA,NA,NA,6.8,NA,15816.6,NA,9393.6,NA,NA,NA,NA,54.8,NA,NA,NA,NA,NA,NA,NA,NA,NA,NA,NA,NA,NA,NA,NA,NA,NA,NA,NA,NA,NA,1664.6,NA
122,5185.6,93.4,NA,NA,881.4,NA,NA,NA,11191.8,NA,NA,151.2,NA,NA,2357,NA,0.2,NA,NA,NA,NA,1957.2,8911.6,1261798.2,19662,77405,186672.6,40190.6,2,NA,NA,NA,NA,4785.4,50618.2,691.4,NA,2276,19934.6,NA,NA,0.2,NA,NA,NA,9.8,NA,6193.4,NA,2034,591,NA,1821,583.6,30846,17435,285.2,619,4298.4,NA,6581.4,NA,NA,NA,NA,399,NA,NA,NA,359.8,NA,NA,NA,6220.6,2081.8,NA,82,101.8,26684.2,NA,636.6,1989.4,NA,NA,2421.2,NA,2095.4,1954,8119,NA,0.2,0.2,NA,4270.4,NA,NA,14293.6,NA,561.2,1929,NA,NA,5278.4,NA,NA,681.4,15416.4,650.4,NA,2183.8,NA,NA,2876.2,NA,8445,NA,885.2,132.2,4367.6,NA,NA,NA,2292.4,NA,NA,NA,NA,NA,476,2295.2,109.6,NA
123,NA,NA,NA,NA,NA,NA,NA,NA,NA,NA,NA,NA,NA,NA,NA,NA,NA,NA,NA,264.2,NA,NA,2755.2,18557,33930.2,6748.4,6657.6,29621.6,NA,NA,NA,NA,NA,13791,NA,NA,NA,NA,NA,NA,NA,NA,NA,NA,NA,NA,351.6,NA,NA,NA,NA,NA,NA,NA,NA,NA,NA,11856,NA,NA,NA,2483,NA,NA,NA,NA,NA,NA,NA,NA,NA,NA,NA,5443.6,NA,NA,NA,NA,NA,NA,NA,NA,121.2,NA,NA,NA,1,NA,NA,NA,NA,NA,NA,NA,NA,NA,NA,NA,NA,NA,NA,NA,NA,NA,2197.2,NA,45684.2,945,NA,NA,NA,NA,18,NA,NA,NA,NA,NA,NA,NA,NA,NA,NA,NA,NA,NA,NA,NA,NA,22.2,NA,NA
124,NA,NA,635.4,NA,2798.8,NA,NA,149.8,676.8,NA,NA,NA,NA,NA,NA,NA,NA,NA,NA,759.8,NA,NA,6404.2,3126.2,609884.4,35438.6,8179.4,15278,NA,657.2,NA,NA,NA,2335.6,NA,9114.2,NA,NA,NA,282.6,162.8,2207.4,NA,NA,NA,NA,NA,NA,NA,2523,70.4,NA,471.2,NA,3697.6,918.2,NA,1014.6,NA,NA,50.8,NA,NA,NA,741.4,NA,75.4,NA,NA,233,NA,NA,NA,1941.4,2066.2,NA,805,NA,1134.6,NA,NA,760.8,5389.6,2090.8,2434.8,NA,NA,3,NA,NA,NA,2044.2,NA,2192.8,NA,NA,820.4,NA,NA,24.8,NA,NA,NA,268.2,NA,NA,NA,NA,NA,NA,NA,123.8,13705.2,NA,4431.8,NA,870,649.8,26.2,NA,NA,2800.8,0.2,NA,186.2,NA,NA,NA,88.8,12.6,2673.8,NA
129,NA,NA,325,NA,NA,NA,NA,NA,1798,NA,NA,NA,NA,NA,23870,NA,NA,714,NA,10.8,5.4,NA,175884.2,241450.2,77663.2,71621.4,644703.6,255.8,NA,2148.6,NA,NA,NA,NA,NA,NA,NA,NA,NA,NA,NA,NA,NA,NA,NA,NA,NA,NA,NA,72,NA,NA,2411.8,NA,NA,699.8,3870.2,NA,NA,NA,3006.8,NA,2236.2,NA,NA,NA,NA,NA,NA,NA,NA,0.2,NA,8.4,1.8,NA,NA,NA,556,55.6,74,NA,467.6,358,6304.2,NA,NA,2488.8,2,NA,NA,12782.2,NA,NA,NA,NA,3073,NA,103.8,489.8,NA,NA,NA,1751.4,NA,NA,2551.2,546.2,NA,NA,NA,NA,NA,NA,1470.2,9.2,NA,6609.4,NA,NA,NA,NA,92.8,NA,1986.6,2176.8,NA,NA,NA,NA,NA,NA
131,56278.4,6548,321081.4,NA,8687.2,NA,NA,123793.6,75642.2,NA,NA,4361.2,NA,NA,6237.2,NA,1127.6,4747.2,NA,NA,NA,2480.8,58209,41666.4,36636.4,2207.6,89798.2,1803639.4,10995,460783.6,NA,NA,NA,145511.8,NA,258335.6,NA,NA,90462.8,11159.2,65154.6,58878,NA,NA,NA,26394,23820.4,3782.8,NA,119450,1309.8,NA,NA,19415.4,28075,15409.2,NA,12671.4,5148,NA,6544.4,NA,221217,34825,NA,10945,NA,1868.8,NA,NA,NA,NA,NA,8672.2,NA,NA,NA,NA,9281.2,NA,10859,130309,42737,134652.6,73841.8,NA,86601.2,NA,51687,NA,NA,4430.6,NA,NA,3445.2,NA,NA,NA,18302,52123.6,NA,2399.4,39108,25597,NA,6283,89044.6,6643.2,19406,NA,NA,NA,42628.4,NA,12949.8,NA,19350.2,145511.8,NA,NA,NA,6750.2,244.2,22428.4,46403,4614.4,NA,NA,60682.8,20530.4,101623.6,0.2
132,529.8,NA,1774.4,NA,NA,NA,NA,NA,NA,NA,NA,NA,NA,NA,NA,NA,NA,NA,NA,NA,NA,NA,5662.8,587,581.6,1978.4,1932,4007.2,4664.8,2005.6,NA,NA,NA,NA,NA,NA,NA,NA,NA,NA,NA,NA,NA,NA,NA,NA,NA,NA,NA,NA,NA,NA,NA,NA,NA,NA,NA,NA,NA,NA,NA,NA,NA,NA,NA,NA,NA,NA,NA,NA,NA,NA,NA,NA,NA,NA,NA,NA,NA,NA,NA,1753.4,536.8,680,1645.8,NA,NA,NA,NA,NA,NA,NA,NA,NA,NA,NA,NA,NA,NA,NA,NA,2049.2,553.6,7842,NA,NA,NA,NA,NA,NA,NA,NA,NA,NA,NA,NA,NA,NA,NA,NA,NA,NA,NA,NA,NA,NA,NA,NA,NA,NA,NA,NA
139,2577.8,NA,489082.4,NA,NA,NA,NA,37841.8,42448.2,NA,3.4,NA,NA,NA,NA,NA,2867.2,NA,NA,NA,NA,NA,41066.8,59080,102075.4,4124.4,299710.8,306836.6,41025.6,657381.8,NA,NA,NA,119017.8,NA,NA,NA,NA,NA,NA,NA,NA,NA,NA,NA,NA,13578.4,0.6,NA,NA,NA,NA,NA,2746.6,NA,NA,NA,43751.2,NA,NA,26683,NA,52193.2,NA,NA,NA,NA,NA,NA,NA,NA,NA,NA,4340.8,NA,NA,NA,6958.6,78398.2,NA,8575.6,13383.6,225647.4,18507.6,13492.6,NA,NA,NA,NA,NA,NA,NA,NA,NA,NA,NA,4791,NA,NA,4444.8,NA,NA,NA,185319,NA,NA,NA,NA,17022.8,NA,NA,NA,35691.6,NA,NA,NA,NA,NA,NA,NA,NA,NA,NA,NA,65436.8,3692.4,NA,NA,942.6,NA,NA,NA
151,NA,NA,400.4,NA,0.2,NA,NA,90.8,1915.2,NA,NA,2.8,NA,NA,0.2,1.2,NA,0.2,NA,NA,NA,0.2,0.2,NA,NA,0.2,0.2,0.2,NA,NA,253315.6,15218.6,284.8,NA,NA,0.2,NA,195.2,NA,NA,NA,388.4,NA,NA,NA,NA,NA,NA,NA,NA,NA,NA,0.2,NA,NA,0.2,86.8,57.6,NA,162.2,15,NA,NA,NA,185.6,NA,457,NA,NA,0.2,347.4,NA,NA,NA,NA,NA,NA,0.2,272.4,NA,0.2,0.2,NA,NA,0.2,NA,NA,NA,NA,NA,103.2,NA,NA,NA,1113.2,323.6,NA,0.2,0.2,NA,NA,NA,NA,NA,NA,NA,0.2,1.6,279.6,127.4,NA,NA,1.4,NA,0.2,NA,NA,220.2,355.4,NA,NA,NA,NA,122.2,70.2,1084,322.8,NA,276,NA,NA,NA
159,NA,NA,NA,NA,NA,NA,NA,NA,NA,NA,NA,NA,NA,NA,NA,NA,NA,NA,NA,NA,NA,NA,NA,NA,NA,NA,NA,NA,NA,NA,4829.6,37730.2,NA,NA,NA,NA,NA,NA,NA,NA,NA,NA,NA,NA,NA,NA,NA,NA,NA,NA,NA,NA,NA,NA,NA,NA,NA,NA,NA,NA,NA,NA,NA,NA,NA,NA,NA,NA,NA,NA,NA,NA,NA,NA,NA,NA,NA,NA,NA,NA,NA,NA,NA,NA,NA,NA,NA,NA,NA,NA,NA,NA,NA,NA,NA,NA,NA,NA,NA,NA,NA,NA,NA,NA,NA,NA,NA,NA,NA,NA,NA,NA,NA,NA,NA,NA,NA,NA,NA,NA,NA,NA,NA,NA,NA,NA,NA,NA,NA,NA,NA,NA
160,NA,NA,NA,NA,NA,NA,NA,NA,15342.8,3214,NA,11142.6,NA,NA,910.8,NA,2251.4,NA,NA,NA,NA,NA,NA,NA,NA,NA,NA,20884.4,NA,NA,NA,NA,77255,NA,NA,20780.2,NA,NA,NA,NA,4187.4,NA,NA,NA,NA,NA,NA,NA,NA,NA,NA,NA,NA,NA,6489.2,NA,NA,NA,NA,NA,NA,NA,NA,NA,NA,NA,8.8,NA,NA,0.6,8777.6,NA,NA,NA,NA,NA,NA,NA,NA,NA,NA,NA,NA,NA,NA,NA,NA,40482.8,NA,NA,NA,NA,NA,NA,2506.8,54227.2,NA,NA,11235.2,NA,NA,NA,NA,NA,NA,NA,NA,NA,NA,NA,NA,NA,25321.8,NA,NA,NA,NA,NA,152.8,790.6,NA,NA,NA,NA,NA,NA,NA,4736.6,NA,NA,NA,NA
171,3485,NA,6215.2,NA,24051.2,1509.6,NA,26237.6,189809.6,4599,2833,59592.2,4442.4,12868.2,31622.8,1573.4,2112.8,2187.6,8461,NA,NA,717.2,8871.6,85044.6,38987,13544,86098.8,55104.2,NA,6559.2,4364,NA,8750.4,3670161.8,24462.2,201815.6,83656.6,92387,11269.2,61571,113696.4,12358,NA,12299.2,11120,8857.6,43646.4,2604.4,NA,9286.4,1057,NA,26237.6,30610.6,21573.2,21207.6,15305.2,71418.8,85967.6,23878.4,87524.8,21813.8,26237.6,6224.2,18119.4,21281,NA,15436.2,2278.4,6895,NA,6625.8,NA,40937.2,15953,1940.2,15819.6,6381.6,123824.2,876.2,26082.4,32606.4,2109.8,6548.4,13529.6,758.4,39334.6,54274.8,37113.2,6397.6,48211.6,4140.6,4027,3779.6,62438.6,1228.6,30359.2,2216.8,NA,140596.6,639.6,NA,7017.8,21456.2,239,7352.8,10377.8,2213.6,2128,2002.4,NA,37.4,102724.8,NA,39721.6,17232.8,17059.4,12658,43821.2,NA,NA,10420.8,1117,8327.8,31218.4,57225.2,NA,6750.2,10,89068,550990.4,12679.2
172,366.2,NA,1963,NA,NA,NA,NA,3948.4,2934.8,7.8,648.8,NA,NA,NA,NA,NA,NA,0.2,NA,NA,NA,NA,43.8,1726.8,NA,6586.4,2257,2214,NA,123,NA,NA,NA,8894.4,20137.8,19796.8,NA,4321.6,NA,45887.4,2241.4,6129.6,NA,760.8,NA,5787.6,10125.6,NA,NA,1097.8,NA,NA,11.2,427.6,1625,NA,NA,3015.6,2290.4,1256.8,NA,NA,8085.8,19516.4,91831.8,28424.2,5623.2,1822.2,593.4,NA,NA,NA,NA,NA,NA,NA,764.4,NA,NA,NA,1929.6,NA,NA,1392.2,6559.4,NA,2289.8,2154.6,1811.2,9457,NA,NA,NA,NA,NA,NA,NA,417.2,NA,2400,NA,NA,NA,60.2,NA,26237.6,1723.4,NA,2117.4,246,NA,NA,NA,NA,NA,NA,NA,NA,NA,NA,NA,773.6,520.8,6629.6,NA,2292.8,NA,NA,NA,621,1617.4,NA
179,16115.6,NA,36616.8,NA,NA,4659.2,NA,NA,45887.4,NA,NA,5463.4,NA,NA,36540.2,NA,NA,NA,NA,NA,NA,NA,2267.6,47437.6,790.4,11514.6,7307,7644.8,NA,NA,NA,NA,NA,695297.2,19360.4,245653.6,NA,14369.6,9061.2,NA,383968,27562.6,NA,22656.2,16340.6,15620,107220,14286.8,NA,NA,NA,NA,NA,NA,7544.6,14487.6,37170,28032.8,31227.2,5954.8,8745.8,49971.8,9053,43032,27018.2,85309.4,NA,63584.8,83085.8,NA,NA,NA,NA,92470.2,6252.6,NA,NA,NA,63506,NA,14746.8,NA,NA,7746.4,42163.8,NA,41105.6,18758.6,12913.8,67229.6,118069.4,NA,NA,16204,16108.6,NA,7316,16960.8,NA,53918.4,NA,NA,NA,9642.4,23115.4,NA,29895.6,NA,18029,NA,NA,NA,21928.2,NA,84577,83569,32526,46058,NA,NA,NA,NA,NA,NA,28087.4,NA,NA,NA,NA,80895,58577.8,NA
181,NA,NA,NA,NA,NA,NA,NA,25.6,NA,NA,NA,NA,NA,NA,NA,NA,NA,NA,NA,NA,NA,NA,NA,NA,NA,NA,NA,NA,NA,NA,NA,NA,NA,2103.4,NA,NA,4789,NA,NA,30.2,2595,NA,NA,NA,NA,NA,NA,NA,NA,NA,NA,NA,NA,NA,NA,NA,NA,NA,NA,NA,20.6,NA,NA,NA,NA,NA,NA,NA,NA,NA,NA,NA,NA,NA,NA,NA,NA,NA,NA,NA,NA,NA,NA,1.2,NA,NA,2042.6,NA,NA,NA,2790.4,NA,NA,NA,NA,NA,2056.4,NA,NA,568.6,NA,NA,NA,NA,NA,NA,NA,NA,NA,NA,NA,NA,NA,NA,NA,NA,NA,NA,NA,NA,NA,NA,NA,NA,NA,NA,NA,NA,NA,NA,NA,NA
182,NA,NA,NA,NA,NA,NA,NA,NA,NA,NA,NA,NA,NA,NA,NA,NA,NA,NA,NA,NA,NA,NA,NA,NA,NA,NA,NA,NA,NA,NA,NA,NA,NA,14724.6,NA,27303,NA,41275.4,4599.2,NA,NA,NA,NA,NA,NA,NA,8041.6,NA,NA,NA,NA,NA,NA,NA,NA,NA,NA,11657.6,NA,NA,NA,NA,NA,NA,NA,NA,NA,NA,NA,NA,NA,NA,NA,NA,NA,NA,NA,NA,NA,NA,NA,NA,NA,NA,NA,NA,NA,1873.4,NA,NA,34144.8,NA,NA,NA,NA,NA,NA,NA,NA,NA,NA,NA,NA,NA,NA,NA,NA,NA,NA,NA,NA,NA,NA,NA,NA,NA,NA,NA,NA,NA,NA,NA,NA,NA,NA,NA,NA,NA,NA,NA,NA,NA
183,NA,NA,NA,NA,NA,NA,NA,NA,NA,NA,NA,NA,NA,NA,NA,NA,NA,NA,NA,NA,NA,NA,NA,NA,NA,NA,NA,NA,NA,NA,NA,NA,NA,646.8,NA,1466,NA,4378.8,3606.8,1867.2,501.2,NA,NA,NA,NA,NA,NA,NA,NA,NA,NA,NA,NA,NA,NA,NA,NA,953.6,NA,NA,NA,NA,NA,NA,NA,NA,NA,NA,NA,NA,NA,NA,NA,NA,NA,NA,NA,655.8,NA,NA,NA,NA,NA,NA,NA,NA,107763,2898.6,NA,25221.2,7366.8,NA,NA,NA,NA,NA,NA,NA,NA,NA,NA,NA,NA,NA,NA,NA,NA,NA,NA,NA,NA,NA,NA,NA,NA,NA,NA,NA,NA,NA,NA,NA,NA,NA,NA,NA,NA,NA,NA,NA,NA,NA
189,NA,NA,9901.6,NA,NA,NA,NA,NA,34940.4,NA,NA,51818,NA,NA,NA,NA,8871.6,NA,NA,2222.8,NA,NA,NA,16490.2,9350.2,NA,136989.6,8555,NA,27514,NA,NA,NA,1382575.2,9124.6,142155.4,NA,43680.6,2362.2,1120148.6,169669.2,16182,NA,158205.2,6388.2,14999.4,123812.8,NA,NA,5616.2,NA,NA,NA,NA,NA,13815.8,NA,21333.2,24845,7054.2,82498.2,7714,678.4,7170.6,2109.2,NA,NA,80249,25920.4,NA,NA,9060.8,NA,NA,NA,20635.4,6840.4,NA,119227,NA,29584.4,1203.8,NA,15548.6,15504.4,NA,NA,13757,1595808.2,22990.2,91713.2,20300.6,NA,NA,NA,NA,NA,4627.8,1731.6,53138.6,NA,NA,NA,26273.6,NA,NA,167541.6,NA,NA,NA,NA,NA,14204.8,4219.4,82674.8,28236.2,4296.4,22724.6,NA,NA,NA,NA,NA,NA,NA,7524.6,NA,NA,3542.4,159.2,566.4,NA
190,NA,NA,139983.2,NA,10850,NA,1.4,20515,112452.2,10726.2,2757,78814.8,3126.2,6413,34551.8,NA,24059.6,4296.6,NA,15303.4,NA,NA,8245.6,28246,4805.4,27946.4,72178.8,55400.6,30621.4,6055.2,6264,NA,787.6,780909.8,6589.4,102800.4,NA,6335.4,28130,88032,2527057.4,78740.6,16955.6,109496.6,54681,33926.2,6348.4,9096.2,NA,13893.4,11461.8,2538,NA,4423.6,NA,96848.6,10285.2,131168.6,72782.4,6595.2,52389,31237.6,2270.8,112203,17569.8,104987.4,NA,131234.2,209318.6,4822,10216.2,2357.4,NA,140048.6,8328.2,26782.8,1809,23676.8,8868.2,4614.4,13455.2,6.6,NA,1523.6,13123.6,2512,50306.4,50934.2,3739.2,133419.2,43593.8,125033.4,9466.2,89676.8,20298.4,NA,8315.4,15423.4,12651.4,62791.2,843,NA,1665.4,21003.6,774.2,83115,40129.2,1496.6,22484.8,26246.8,NA,NA,181713.4,42246.4,43744.8,118110.8,12322.6,214349.2,52885.2,NA,5527.6,NA,13403.6,NA,0.4,33685.6,NA,33442.8,NA,236231,273409.6,NA
201,168.4,0.2,497,NA,171.4,NA,NA,163.8,2597.6,0.2,0.2,239.4,0.2,670.2,NA,NA,10.2,392.2,236,NA,NA,NA,0.2,454,0.2,0.2,967,449.6,NA,40,836.6,NA,NA,428.8,NA,393.4,NA,50.8,NA,338.6,558.6,26275.4,23690.6,1027,NA,344,0.2,NA,NA,NA,525.6,0.2,0.2,0.2,NA,451.2,125,522.4,828.4,412.6,1,618.4,2431.4,2469.2,1299.2,28141.6,559.8,496.6,1607.6,750.8,0.2,NA,91.2,517,NA,554.6,NA,187,574.8,10.4,581,NA,NA,51.6,503.2,506.6,NA,NA,0.2,NA,NA,51,NA,NA,265.2,179,9.2,NA,NA,476.4,NA,10,NA,487.8,NA,574.8,0.2,NA,NA,0.2,NA,NA,1048.4,NA,4368.4,NA,370.4,501.6,NA,NA,0.2,72.8,NA,263,NA,1,NA,NA,0.2,1820.6,573.8,122.4
202,NA,NA,NA,NA,399,NA,NA,8590.2,2404.2,8384,NA,NA,NA,NA,NA,NA,NA,NA,NA,NA,NA,NA,NA,4794.4,338.6,NA,1810.8,32936.2,NA,23690.6,NA,NA,NA,30296.6,2233.2,18682.6,48764,NA,NA,NA,76749.8,3873.8,3884.2,22005,NA,NA,NA,NA,NA,5201.8,NA,NA,1738.6,258.4,NA,13169.8,2573.4,35.2,NA,NA,NA,889.4,23170,NA,NA,7322.6,NA,42674.2,NA,9661.2,NA,NA,NA,3738,NA,NA,NA,NA,NA,NA,NA,NA,NA,25604.6,NA,NA,NA,NA,1180.6,17851.8,NA,18400.2,NA,12884,NA,NA,NA,0.2,NA,NA,NA,NA,NA,NA,NA,NA,2686.6,951.8,NA,NA,NA,NA,50848.2,NA,8621.2,NA,NA,19261.4,NA,NA,NA,NA,17133.8,NA,NA,NA,NA,NA,NA,NA,2095.6,NA
209,35942.4,NA,23509.2,NA,68046.2,NA,NA,138691.4,241109.8,25931,2186.8,44059,NA,NA,33802.4,NA,5771.4,NA,NA,NA,NA,NA,52638.8,41264,66904.8,29432.4,155761.2,302987.4,NA,60234.8,NA,NA,28158.6,461270.6,NA,7735,NA,36273.2,NA,30495,90345.8,125919,2116.8,631280.6,21005.2,12893,8169.4,34237.6,NA,106901.2,6479,10143.4,NA,17229.4,3596.4,27928.2,4477,78947.4,33382,10832.8,23370.6,17328.6,35968,251774,22997.2,110628.8,NA,71848.6,171277.6,5988.2,NA,10846.6,NA,85589.6,4029.6,NA,15783.2,NA,93535.6,NA,4282.8,4757,21003.6,43952.4,31340,11220.4,NA,21593.2,28532,14448.8,24719,67990.8,25075.4,128022.8,48446,NA,40414.6,68278.8,NA,81034.2,NA,NA,13796.6,36676.4,NA,49463.8,50690.6,5021,3463,15165.6,NA,NA,200569.2,18771.6,126712.8,87027.8,56338.6,315789.8,181365.8,NA,NA,14506.2,NA,10023.4,19043.4,25862.8,NA,NA,NA,57448.2,565434.2,17500
211,NA,NA,NA,NA,23473.6,NA,NA,NA,1427.6,NA,NA,NA,NA,NA,NA,NA,0.2,NA,NA,NA,NA,NA,NA,NA,NA,NA,NA,7886.2,NA,37000.8,NA,NA,NA,4208.2,4187.8,51587.2,NA,1877.4,NA,11054.6,NA,NA,NA,NA,12356,1990.4,16457,NA,NA,NA,NA,NA,NA,NA,2946,NA,NA,NA,NA,NA,NA,NA,NA,NA,NA,3344.2,NA,NA,NA,NA,NA,NA,NA,NA,NA,NA,NA,NA,NA,NA,NA,NA,NA,NA,NA,NA,23169.4,14.2,4282.2,2026.4,4399,NA,NA,NA,NA,NA,1258.8,NA,NA,28618.4,NA,NA,NA,NA,NA,NA,566.4,NA,1924.6,NA,NA,NA,21806.2,NA,NA,NA,NA,NA,NA,NA,NA,NA,NA,NA,NA,NA,NA,NA,10859.8,NA,NA,NA
212,NA,NA,NA,NA,23728.2,NA,NA,NA,19963.4,NA,NA,NA,NA,NA,NA,NA,NA,NA,NA,NA,NA,NA,11676.8,NA,4796.8,5218.2,NA,31043,NA,NA,NA,NA,NA,38707,NA,NA,NA,NA,NA,13563.2,9092.2,NA,NA,NA,35918,76675,23184.6,NA,NA,11904.8,NA,NA,NA,NA,NA,NA,NA,NA,12274,9127.6,NA,NA,15565.6,NA,NA,NA,NA,NA,NA,NA,NA,NA,NA,8609.4,NA,NA,NA,NA,8745.2,NA,NA,NA,NA,NA,27535.4,NA,NA,37538,NA,36964.2,37384.8,3262,NA,NA,NA,NA,14822.8,NA,NA,NA,NA,12821.2,12628.4,NA,NA,8678.6,NA,NA,NA,NA,NA,NA,17532.4,NA,NA,NA,NA,NA,11992.2,NA,NA,NA,NA,NA,NA,27839.6,NA,NA,NA,NA,25018.2,NA
219,4366.6,NA,49820.6,NA,NA,NA,NA,6340.4,NA,NA,NA,37353.8,NA,NA,2042.8,NA,NA,NA,NA,NA,28154.6,NA,12942.6,8344.8,1529.6,NA,NA,117773.6,34513.6,29746.4,NA,NA,NA,47344.2,NA,22177.2,0.2,44593.4,2377.4,64713.2,NA,NA,NA,5824.2,613.2,77019.4,135072.4,46880.4,NA,1421.2,NA,NA,NA,31679.4,39658.4,NA,NA,NA,4527.4,4323.8,19635.4,NA,10804.8,11533.2,14763.6,23657,NA,NA,NA,286.8,1077.6,NA,NA,2230.8,NA,NA,NA,NA,NA,NA,NA,13409,88441.4,114654.4,8319.4,NA,614.2,4502.6,8302.4,902.6,3680.8,NA,NA,NA,NA,NA,NA,NA,NA,NA,NA,NA,0.2,19471.6,NA,13683,103541,4476.4,30816.4,NA,NA,NA,27925.8,NA,6698,NA,19358.2,NA,1201.2,NA,NA,21564.4,96228.4,NA,15300,6676,NA,NA,6811.2,12592.2,13772.4,NA
221,NA,NA,NA,NA,NA,NA,NA,NA,NA,NA,NA,NA,NA,NA,NA,NA,NA,NA,NA,NA,NA,NA,NA,NA,NA,NA,325.4,NA,NA,NA,NA,NA,NA,NA,NA,NA,NA,NA,NA,NA,NA,NA,NA,NA,NA,NA,NA,27632.8,NA,3352.8,21024.8,NA,NA,NA,NA,NA,NA,NA,NA,NA,NA,NA,NA,NA,NA,NA,NA,NA,NA,NA,NA,NA,NA,NA,NA,NA,NA,NA,NA,NA,NA,NA,NA,NA,NA,NA,NA,NA,NA,NA,NA,NA,NA,NA,NA,NA,NA,NA,NA,NA,NA,NA,NA,NA,NA,NA,NA,NA,NA,NA,NA,NA,NA,NA,NA,NA,NA,NA,NA,NA,NA,NA,NA,NA,NA,NA,NA,NA,NA,NA,NA,NA
222,NA,NA,NA,NA,NA,NA,NA,NA,NA,NA,NA,NA,NA,NA,NA,NA,NA,NA,NA,NA,NA,NA,NA,NA,NA,NA,NA,NA,NA,NA,NA,NA,NA,NA,NA,NA,NA,NA,NA,4816,NA,NA,NA,NA,NA,NA,NA,NA,1312.4,2564.2,NA,NA,NA,NA,NA,NA,NA,NA,NA,NA,NA,NA,NA,NA,NA,NA,NA,NA,NA,NA,NA,NA,NA,NA,NA,NA,NA,NA,NA,NA,NA,NA,NA,NA,NA,NA,NA,NA,NA,NA,NA,NA,NA,NA,NA,NA,NA,NA,NA,NA,NA,NA,NA,NA,NA,NA,NA,NA,NA,NA,NA,NA,NA,NA,NA,NA,NA,NA,NA,NA,6707.4,NA,NA,NA,NA,NA,NA,NA,NA,62.2,NA,NA
223,NA,NA,1054.6,NA,NA,NA,NA,1220.6,3.6,NA,NA,NA,NA,NA,6422.6,NA,NA,NA,NA,NA,NA,NA,7043.2,NA,13165.6,4194.4,NA,17749,NA,NA,NA,NA,NA,NA,NA,NA,NA,NA,NA,NA,NA,NA,NA,NA,NA,NA,5924.6,7984,NA,147958.2,7734.2,NA,NA,NA,125.2,NA,NA,NA,NA,NA,NA,NA,134362.6,NA,NA,NA,NA,NA,NA,NA,NA,NA,NA,NA,NA,NA,NA,NA,NA,NA,NA,NA,NA,NA,NA,NA,NA,NA,NA,NA,NA,NA,NA,NA,NA,NA,NA,NA,NA,NA,NA,NA,NA,NA,NA,NA,NA,NA,NA,NA,NA,NA,NA,3344.2,17953,NA,NA,39613.6,NA,NA,NA,NA,NA,NA,NA,NA,NA,NA,NA,NA,NA,NA
229,NA,NA,358101.4,NA,NA,NA,NA,128435,60365.8,NA,NA,NA,255394,NA,NA,NA,NA,NA,NA,NA,NA,NA,NA,2101,34.8,177.2,245,9801,NA,NA,NA,NA,NA,5826,NA,NA,NA,NA,NA,NA,NA,1191.8,NA,NA,NA,NA,NA,35991.6,8153,174575.8,1529247.6,NA,NA,NA,NA,13657.8,NA,112.8,NA,NA,NA,NA,251550,NA,7684.4,NA,NA,NA,NA,150.4,NA,NA,NA,NA,NA,NA,NA,NA,NA,NA,NA,NA,NA,NA,13774.4,NA,NA,NA,NA,NA,NA,NA,NA,NA,15876.2,NA,NA,NA,NA,NA,NA,NA,15.2,NA,NA,NA,21.8,NA,18106.4,NA,NA,NA,151888,NA,769758.4,NA,NA,35051,NA,NA,NA,NA,NA,NA,NA,NA,NA,NA,NA,NA,NA,NA
230,NA,NA,NA,NA,0.2,NA,NA,NA,8924.6,NA,NA,379.8,NA,NA,0.2,NA,90.6,502,NA,NA,313.6,111,19,1889.8,NA,NA,224.2,609.2,NA,NA,NA,NA,NA,79.8,NA,NA,NA,NA,NA,NA,NA,NA,NA,NA,NA,1.6,NA,NA,NA,2.8,NA,70920.8,193.8,0.2,NA,29529.8,478.6,1.2,7.4,NA,NA,NA,NA,NA,0.4,NA,NA,NA,NA,NA,NA,1659,1289.8,608,30,NA,1865,NA,1836,683.2,558.6,NA,NA,NA,30.2,NA,NA,0.4,93.2,NA,NA,NA,NA,NA,NA,NA,644.8,NA,341.2,597,848.2,NA,NA,NA,NA,NA,NA,NA,NA,NA,NA,NA,282.4,NA,NA,NA,NA,NA,NA,NA,4472.6,NA,NA,127,NA,NA,NA,NA,NA,0.2,NA,NA
241,NA,NA,NA,NA,NA,NA,NA,NA,NA,NA,NA,NA,NA,NA,NA,NA,NA,NA,NA,897.2,NA,21275.4,NA,NA,NA,NA,NA,NA,NA,NA,NA,NA,NA,NA,NA,NA,NA,NA,NA,NA,NA,NA,NA,NA,NA,NA,NA,NA,NA,NA,NA,NA,132166.4,51319.4,22565.2,21428.2,19699.4,NA,NA,NA,NA,NA,NA,NA,NA,NA,NA,NA,NA,NA,NA,NA,NA,4930.6,NA,NA,NA,NA,35415,NA,NA,NA,NA,NA,NA,NA,NA,NA,NA,NA,NA,NA,NA,NA,NA,NA,9774.2,NA,NA,21130.4,NA,NA,NA,NA,NA,NA,NA,NA,NA,NA,NA,NA,NA,NA,NA,NA,NA,NA,NA,NA,NA,NA,NA,21760.8,0.2,NA,NA,NA,NA,NA,NA,NA
242,2693.2,NA,NA,NA,NA,NA,NA,NA,3469.2,NA,NA,NA,NA,NA,NA,NA,NA,NA,NA,7998.6,NA,72784,NA,NA,NA,NA,3637.4,5,NA,NA,NA,NA,NA,NA,NA,NA,NA,NA,NA,NA,NA,NA,NA,NA,NA,5244.6,NA,NA,NA,NA,NA,NA,15816.6,99275.2,673.2,NA,NA,NA,NA,2919,NA,NA,NA,NA,NA,NA,NA,NA,NA,NA,NA,NA,NA,NA,NA,NA,NA,NA,1999.6,NA,NA,9028.8,NA,69107.4,2100.2,NA,NA,NA,6411,NA,NA,NA,NA,NA,NA,NA,3638.2,4327.4,791.8,11130.2,NA,NA,4179,8877.6,NA,4611.8,NA,NA,NA,NA,NA,NA,NA,NA,1868,NA,4295.2,NA,NA,NA,NA,2254.2,61756.2,101119.2,4498.2,NA,NA,NA,NA,NA,NA,NA
249,NA,NA,NA,NA,NA,NA,NA,NA,13068.8,NA,NA,NA,NA,NA,NA,NA,2833.2,771.2,NA,NA,143023,NA,NA,NA,NA,NA,NA,NA,NA,NA,NA,NA,NA,3648.4,NA,NA,NA,NA,NA,NA,NA,NA,NA,NA,NA,NA,NA,NA,NA,NA,NA,2201,932.2,6536.6,5666.2,0.8,NA,NA,NA,NA,407,NA,NA,NA,NA,NA,NA,NA,NA,NA,NA,NA,NA,7513.4,3608.4,NA,NA,48,6616.8,NA,1046.2,NA,NA,NA,NA,NA,NA,NA,42.8,NA,NA,NA,NA,NA,NA,NA,2229.6,87.4,NA,11190,NA,NA,NA,NA,NA,NA,NA,NA,NA,NA,NA,NA,NA,NA,NA,NA,NA,NA,NA,NA,346.2,NA,NA,NA,13329,NA,NA,NA,NA,NA,NA,NA
251,475.4,NA,492.6,NA,4086.6,NA,NA,1.6,10393.4,724.6,NA,17199.2,NA,2403.6,2169.4,127.6,2726.4,40883.6,2194.8,NA,538.8,90.4,707.2,6375.6,843.8,1478.8,27530.2,6475.2,NA,2023,0.2,NA,439,27937.6,NA,12354.2,NA,8456.6,NA,284.8,1987,649.6,NA,NA,NA,525.2,1821.4,NA,NA,1936.2,NA,18764.2,8734.6,4399.4,8528.6,467747.4,27558,6220,2104.6,364.2,1112.2,2228,174.6,0.2,570.4,72.2,0.2,409.6,458,738.6,435.2,17147.4,1661,35152.2,2097.6,2679.8,19424.4,6093.8,42463.4,681.8,6330.8,5895.6,NA,644,2015.4,0.2,2055.4,2393.4,2053,643,2181.2,544,334.2,NA,608.4,NA,4403.4,645.2,31842.6,23356.8,21717.2,173.8,5779.6,1205.6,NA,742.2,10837.4,NA,2168.8,258.4,NA,0.2,12489.2,NA,6486.6,NA,773.6,13257.4,506.2,NA,4424.2,729,2332.8,6720.2,173.8,734.4,513.6,678.2,NA,692.2,892.4,39
259,NA,NA,NA,NA,NA,NA,NA,NA,NA,NA,NA,NA,NA,NA,NA,NA,573.4,460.6,NA,NA,NA,NA,NA,NA,NA,NA,NA,NA,NA,NA,NA,NA,NA,NA,NA,644.8,NA,10757,NA,NA,8573.6,NA,NA,NA,NA,NA,NA,NA,NA,NA,NA,NA,NA,NA,NA,4310,6420.2,NA,NA,NA,NA,NA,NA,NA,NA,NA,NA,NA,NA,NA,NA,NA,NA,1397.8,NA,NA,717.6,NA,NA,NA,NA,2099.6,NA,NA,NA,NA,NA,NA,NA,NA,NA,NA,NA,NA,NA,NA,NA,NA,NA,10759.8,NA,NA,NA,NA,NA,NA,NA,NA,NA,NA,NA,NA,3724.6,NA,NA,NA,NA,NA,NA,NA,NA,NA,NA,171.6,NA,NA,NA,NA,NA,429.6,NA,NA
261,11422,NA,NA,NA,2332.4,NA,0.2,NA,36427.8,482.2,221,6448.2,NA,247.8,29379.8,285.6,1931.4,328.6,377.8,NA,NA,NA,2068.8,701,116.4,139.6,4580.8,3550.8,1381.2,NA,NA,NA,NA,28113.8,NA,8622.6,2093.6,21347.2,13179.2,705.6,NA,0.2,NA,15259,NA,27124.4,NA,NA,NA,2178.2,NA,2368.4,2326,134.6,NA,NA,1908.6,764653.4,107572,88386,4901.8,NA,NA,2509,685,1132.6,NA,NA,NA,7,NA,NA,NA,27421.4,32732,NA,2147.4,NA,11498.8,NA,11775.4,975.8,NA,15749.8,17744.2,NA,2113.6,13930.6,43076.8,NA,11256.2,1567,495.6,NA,NA,NA,988.4,16585.4,32407.6,21411.8,NA,NA,688.2,31991.6,NA,NA,56266.4,NA,4917.4,366.6,NA,NA,75408.8,NA,3642.4,NA,NA,53.4,0.2,NA,NA,2488.2,881.4,751.8,NA,NA,NA,NA,NA,NA,640.6,NA
262,NA,NA,15969,NA,2103,NA,NA,NA,21120.8,NA,432.6,11417.4,NA,NA,7644,NA,3252,NA,NA,NA,NA,NA,5342.8,12468,NA,NA,NA,17467,NA,70630.6,NA,NA,NA,166813.4,NA,128387.8,NA,4172.4,4666.2,12044.6,NA,NA,NA,NA,36084.2,NA,16092.8,NA,NA,NA,0.2,NA,12805.4,NA,NA,4960.8,NA,2274,93887.2,36616.6,5608.4,27371.2,NA,5,NA,NA,NA,1445.8,NA,2240.4,NA,NA,NA,8727,4892.6,NA,2557,NA,11459.4,NA,NA,13346.6,NA,5065,12474.2,NA,70838.6,NA,NA,NA,18829.6,NA,NA,NA,NA,NA,47987.4,1479.6,NA,73126,NA,NA,NA,2636.4,4376,NA,NA,1852.4,NA,NA,NA,NA,42980.8,NA,8223.2,18051,NA,18057,NA,NA,NA,NA,0.2,NA,NA,NA,NA,NA,NA,13642,22960.8,NA
269,NA,NA,NA,NA,NA,NA,NA,7,47365.8,NA,NA,NA,NA,NA,NA,NA,NA,NA,NA,NA,NA,NA,NA,550,NA,524.8,NA,15342.4,NA,NA,NA,NA,NA,NA,NA,5776.8,NA,34057.4,NA,NA,NA,NA,NA,NA,540.2,584.4,NA,NA,NA,NA,NA,NA,NA,NA,NA,NA,NA,4396.2,6798,15712,NA,NA,NA,NA,NA,NA,NA,NA,NA,NA,NA,NA,NA,NA,NA,NA,NA,NA,NA,NA,NA,NA,NA,NA,NA,NA,NA,NA,NA,677,NA,NA,NA,NA,NA,NA,NA,NA,NA,50974,NA,NA,NA,NA,NA,NA,NA,NA,NA,NA,NA,NA,12701.4,NA,NA,NA,NA,NA,632.8,NA,NA,NA,NA,NA,NA,NA,NA,NA,NA,NA,4275.2,NA
271,3224,NA,NA,NA,1936.4,NA,NA,NA,17799.4,6384,NA,NA,NA,1064.8,8191.4,NA,2058,NA,NA,NA,NA,NA,NA,NA,NA,NA,NA,7147.8,NA,2290.2,NA,NA,NA,79426.2,0.2,25429.4,NA,1860.4,NA,NA,58987,5863.2,855.8,NA,NA,NA,NA,NA,NA,0.2,NA,NA,23621.6,NA,1522,2823.8,1067.6,29417.6,1835.6,46889,1286390,443794,3236.2,8437,2070,4318,7716.2,6332.6,15039.8,NA,NA,NA,NA,NA,NA,NA,303.6,NA,1788.6,NA,1734,NA,NA,NA,NA,40220.4,NA,172.6,4557.8,10670.2,291.2,NA,4847,10148.2,26314.8,NA,1964,NA,NA,2057,NA,NA,NA,NA,36987.2,NA,783.8,896.6,NA,NA,NA,NA,37674.2,3412.2,6512.4,NA,NA,5851,NA,NA,18543.6,NA,1302.2,NA,NA,154.2,NA,5853,NA,34209.6,332162.6,NA
279,2333.2,NA,21643.4,NA,2112.6,NA,NA,15139.2,44097.8,17251.4,503.6,83771.6,18597.4,16320.6,649,NA,NA,16479,NA,NA,NA,NA,13115.4,44422,NA,8391.6,12677.4,115568.6,NA,NA,NA,NA,NA,322768.6,4004.6,96765.6,8677,16790.4,669,64753,569787.4,9299.4,19642.6,61637.4,NA,19341.4,26957.2,17280.8,NA,713.2,5831.2,1225.2,328.4,27279.4,NA,32010.6,38412.6,106701.8,77224.4,2657.4,224328,616950.4,49149,NA,44917.2,43218.4,15065,125784.4,2624.4,NA,NA,NA,NA,1788.4,500,6145,1889.2,116.8,16217.8,14623.6,475.6,NA,NA,NA,3720.6,6544.2,6621,21340.4,55485,36615.8,64021,4245.6,NA,17670,38096.8,NA,29603.4,624.8,NA,17141.4,20810.6,NA,NA,NA,22847,NA,29454,NA,27998.6,NA,NA,NA,18473.4,5012,42503.6,25254.2,3502.6,46948.8,53382.8,NA,NA,29904.2,53,1906.6,9971,2634.4,NA,8649.2,NA,54224,197201.8,2255.6
280,17266.2,119192.6,58301.8,NA,81552.8,NA,NA,466636.8,311573.4,21494.4,28497.4,10109,NA,16224.2,46401.4,NA,NA,NA,NA,96.2,NA,NA,3984,22427,8616,1310.4,20929.8,36150.8,NA,8364.4,NA,NA,161.8,115010.4,1980.6,4425,NA,29881.8,NA,NA,28731.6,2120.4,20608.6,NA,NA,1884.2,559.4,29967.6,NA,263478.2,28696.2,NA,8029.4,1446.2,18245.6,33173.2,NA,NA,NA,NA,37639.8,5670.6,1021651.6,14484.6,26885.2,100422.8,0.2,4151.2,NA,NA,NA,NA,NA,4211.6,NA,17319.8,NA,NA,5732.4,NA,5146.4,85.2,NA,11220,8223.2,NA,650.6,NA,NA,554.2,7489.6,2646.4,NA,62733,16396,NA,593.2,3172.6,NA,12509.2,NA,NA,20911,13923.4,NA,48095.2,10312.6,8420.2,6271.6,NA,NA,NA,94099.4,15759.6,261958,22690.4,16429.6,37639.8,31577.6,NA,NA,542.6,390.2,NA,5444.6,3962.4,NA,NA,NA,13108.2,4108.6,NA
291,14597.8,NA,NA,NA,NA,NA,NA,319.8,37947.2,37555.4,NA,13842.2,NA,NA,NA,NA,7068.6,NA,NA,NA,NA,NA,NA,27837.2,3465.8,NA,NA,14631.8,NA,15280,NA,NA,NA,75060.6,14580.6,23090.6,5762.6,NA,17177.2,10283.6,83382.2,273095.4,20885.2,8304,8273.8,NA,6894.8,NA,NA,NA,NA,NA,NA,2919.4,NA,18012.6,56.4,79213,14847.6,NA,NA,211,28942,117453.6,18850.6,38320.4,3490.4,44463.6,24328.8,8801.6,3.8,NA,NA,13977.4,4030,NA,NA,NA,18652.8,NA,NA,NA,10598.6,NA,NA,NA,NA,2464,3627.2,29104.6,5075.8,352.2,NA,28898.2,NA,NA,13195,30668,NA,74362.4,NA,NA,NA,NA,NA,NA,489,NA,13222.6,NA,NA,NA,2128.2,NA,15030.6,NA,2093.4,14139.6,29855.4,NA,NA,NA,NA,NA,29002.4,NA,NA,NA,NA,1383.6,16185.8,NA
292,NA,NA,NA,NA,NA,NA,NA,NA,NA,NA,NA,NA,NA,NA,NA,NA,NA,NA,NA,NA,NA,NA,NA,NA,NA,NA,NA,NA,NA,NA,NA,NA,NA,NA,NA,NA,NA,NA,NA,7427.8,NA,NA,NA,NA,NA,NA,NA,NA,NA,NA,NA,NA,NA,NA,NA,NA,NA,10507.4,11828.2,3333.8,10664.2,NA,NA,NA,14840,NA,NA,NA,NA,NA,NA,NA,NA,NA,NA,NA,NA,NA,NA,NA,NA,NA,NA,NA,NA,NA,NA,NA,NA,17291,NA,NA,3894.8,NA,NA,NA,NA,NA,NA,NA,NA,NA,NA,NA,NA,NA,NA,NA,NA,NA,NA,NA,9128.2,NA,NA,NA,NA,NA,NA,NA,NA,NA,NA,NA,NA,NA,NA,NA,NA,NA,NA,NA
299,NA,NA,NA,NA,12605.6,NA,NA,400234.6,111321.4,NA,NA,9196.8,NA,7688,31943.8,NA,NA,NA,NA,NA,NA,NA,20922.6,3795.8,2716.4,NA,NA,64323.2,NA,NA,NA,NA,NA,79213,NA,67491.6,NA,12410.8,NA,3751.2,93677.8,94528.4,5590.4,12460,NA,NA,NA,10759.4,NA,NA,NA,NA,NA,NA,NA,NA,NA,1501.2,NA,NA,45987.4,NA,18055.2,6103.2,6551.4,249584,NA,47944.8,23661.8,NA,NA,NA,NA,NA,NA,NA,440.8,NA,5328.2,NA,NA,3405.8,NA,NA,NA,NA,NA,1638.6,444.2,NA,5739.6,14767.6,16215.6,3027.6,14517,NA,NA,9619.4,13981.8,90130,NA,NA,NA,NA,NA,23026,1618.2,NA,19553.4,NA,NA,NA,60097.8,NA,18420,18506.6,NA,4593.6,32894.2,NA,NA,3698.8,6962.6,NA,8197,NA,32.6,NA,NA,22878,7094.6,NA
300,NA,NA,NA,NA,NA,NA,NA,NA,NA,NA,NA,NA,NA,NA,NA,NA,NA,NA,NA,NA,NA,NA,NA,NA,NA,NA,NA,NA,NA,NA,NA,NA,0.2,NA,NA,NA,NA,NA,NA,NA,NA,NA,NA,NA,NA,NA,NA,NA,NA,NA,NA,NA,NA,NA,NA,NA,NA,NA,NA,NA,NA,NA,NA,NA,NA,NA,12162.4,NA,NA,NA,NA,NA,NA,NA,NA,NA,NA,NA,NA,NA,NA,NA,NA,NA,NA,NA,NA,NA,NA,NA,NA,NA,NA,NA,1300.6,NA,NA,NA,NA,NA,NA,NA,NA,NA,NA,NA,NA,NA,NA,NA,NA,NA,NA,NA,NA,NA,NA,NA,NA,NA,NA,NA,NA,NA,NA,NA,NA,14,NA,NA,NA,0.2
311,3450.8,NA,475.2,NA,8465.6,NA,NA,3805.8,67220.8,NA,3811.2,17835.6,3044,3784.8,8132.4,NA,461.8,4282,NA,NA,NA,NA,4933.2,12779,NA,6146.4,8432.6,40693.8,NA,NA,NA,NA,NA,237067.4,5471.2,92427.6,1265.4,22104.4,NA,28611.6,313431.8,40832.8,26288,183931.6,NA,2469.8,7510.6,NA,NA,16153.6,4407,NA,16912.4,2068.2,NA,61310.6,7525,75616.4,26568,3354.6,67793.2,79703.8,NA,36768,258,22374.2,NA,246272.6,72935,NA,NA,NA,NA,24632.6,16349.4,NA,NA,NA,69485.2,3973.4,5962,270.2,2090.8,1429.8,6.4,NA,14378.2,88.4,19626.6,22480.6,10013.6,11856.8,NA,20624.8,513.8,NA,9977.8,413.2,NA,14237.2,NA,NA,3850.4,1153.2,16833.2,1843.6,NA,NA,299.4,NA,NA,NA,55186.6,NA,38830,NA,16551.6,4450.8,5667,NA,NA,2889.8,NA,NA,1984.6,17757.2,NA,NA,NA,18060,23892.8,NA
319,38805.4,NA,8284.2,NA,24524.2,9017.4,NA,2549.8,131353.8,63354.2,839.6,47799.8,12362.8,NA,38748.2,6179.6,NA,NA,NA,NA,NA,NA,3072.4,18900.8,4531.8,NA,18432.6,85029.6,NA,4674.8,NA,NA,NA,780965.6,264,76942.6,4298.2,18303.8,8597,4636.6,610685.8,44961,28711.8,277217.6,NA,7396.4,3256.8,19514.8,NA,4610.6,NA,NA,NA,32699,8328.4,36598.4,5013.4,40873.6,3878.6,26198,174444.8,10642.2,11774.8,15960.2,23743.6,124581,NA,394431.2,948154.4,4130.6,3694.8,NA,NA,33972.2,16353.6,NA,130628.2,NA,36786.4,NA,NA,52831.2,9753.6,18606.6,5396.6,12448.2,6860.6,4697.2,105668.8,18393.2,57223.2,63313.4,NA,12432.6,26568,9548.6,4066.8,7646.2,NA,137505.2,NA,NA,11580.8,NA,3331.4,NA,103872.4,2330.4,5547.2,NA,NA,NA,296669.4,NA,182650.2,43219.8,31983.6,45410.6,4111.8,NA,NA,NA,NA,NA,98096.8,66855,NA,NA,NA,220718,315269,4722.2
321,NA,NA,NA,NA,NA,NA,NA,NA,NA,NA,NA,NA,NA,NA,NA,NA,NA,NA,NA,NA,NA,NA,NA,NA,NA,NA,NA,NA,NA,NA,NA,NA,NA,NA,NA,NA,NA,NA,NA,NA,NA,NA,NA,NA,NA,NA,NA,NA,NA,NA,NA,NA,NA,NA,NA,NA,NA,NA,NA,NA,NA,NA,NA,NA,NA,NA,NA,NA,NA,111545,NA,NA,NA,NA,NA,NA,NA,NA,NA,NA,NA,NA,NA,NA,NA,NA,NA,NA,NA,NA,NA,NA,NA,NA,NA,NA,NA,NA,NA,NA,NA,NA,NA,NA,NA,NA,NA,NA,NA,NA,NA,NA,NA,NA,NA,NA,NA,NA,13235.6,NA,NA,NA,NA,NA,NA,NA,NA,NA,NA,NA,NA,NA
329,NA,NA,NA,NA,NA,NA,NA,NA,NA,613.8,NA,NA,NA,2012.8,NA,NA,NA,NA,NA,NA,NA,NA,NA,NA,NA,NA,NA,NA,NA,NA,NA,NA,NA,NA,NA,NA,NA,NA,NA,NA,NA,NA,NA,NA,NA,NA,NA,NA,NA,NA,NA,NA,NA,NA,NA,NA,NA,NA,NA,NA,NA,NA,NA,NA,NA,NA,NA,NA,NA,NA,16730.8,NA,NA,NA,NA,NA,NA,NA,NA,NA,NA,NA,NA,NA,NA,NA,NA,NA,NA,NA,NA,NA,NA,NA,NA,NA,NA,NA,NA,NA,NA,NA,NA,NA,NA,NA,NA,NA,NA,NA,NA,NA,NA,NA,NA,NA,NA,NA,NA,NA,NA,NA,NA,NA,NA,NA,NA,NA,NA,NA,NA,NA
331,NA,NA,NA,NA,NA,NA,NA,NA,1772.8,544.4,0.2,NA,NA,0.2,363.6,NA,NA,685.2,NA,NA,NA,NA,37.4,1338,NA,NA,576.6,NA,NA,NA,NA,NA,NA,127,NA,NA,NA,NA,NA,247.4,NA,NA,NA,NA,NA,NA,NA,NA,NA,NA,NA,24894.4,NA,NA,NA,84816.6,NA,NA,NA,NA,NA,NA,NA,NA,NA,NA,NA,NA,NA,6.2,NA,40480,6430,NA,306.8,NA,1921,NA,NA,NA,174.2,NA,NA,NA,NA,NA,NA,NA,NA,NA,NA,NA,NA,NA,NA,NA,NA,NA,368,NA,24392,14,NA,NA,NA,NA,NA,NA,NA,NA,NA,NA,71.8,NA,NA,NA,NA,NA,NA,NA,10555.6,NA,NA,NA,NA,NA,0.2,NA,NA,NA,NA,NA
339,NA,NA,NA,NA,NA,NA,NA,NA,NA,NA,NA,96,NA,2.6,NA,NA,NA,NA,NA,NA,NA,NA,NA,NA,NA,NA,139.6,NA,NA,NA,NA,NA,NA,493,NA,NA,NA,NA,NA,NA,NA,NA,NA,NA,NA,NA,NA,NA,NA,NA,NA,415.6,536.4,0.2,NA,411.4,368.4,NA,NA,NA,NA,NA,NA,NA,NA,NA,NA,NA,NA,NA,NA,406.2,1891.8,424.6,331.4,NA,69.6,15,523,NA,NA,NA,NA,NA,NA,NA,NA,228.8,NA,NA,290,NA,NA,NA,NA,NA,106.4,NA,NA,NA,NA,NA,NA,NA,NA,NA,NA,NA,NA,221.6,NA,NA,NA,NA,215.2,NA,NA,NA,NA,NA,746,NA,NA,NA,NA,NA,NA,NA,NA,NA,NA,NA
341,2579.8,NA,6826.6,NA,6890.6,NA,NA,NA,18471.6,NA,180,7583.4,NA,NA,4878.4,NA,254061.8,76233.4,19608.8,2428,NA,2442.6,6657.2,32325.2,16534.4,9432.2,14302.2,71997.4,NA,15766.6,NA,NA,NA,37097.8,NA,NA,NA,NA,NA,NA,NA,NA,NA,NA,NA,9.2,2904.6,7,NA,6601.8,NA,7005.4,94756.6,4726.6,4722.4,87739.6,1857.6,6952.2,3257,3365.8,NA,NA,NA,NA,838.8,1010.4,NA,NA,NA,NA,NA,NA,NA,3031256.6,607479.6,NA,15933.6,63544.4,1782501,12024.2,9286.6,236.8,4046.4,96975.4,NA,NA,NA,2367.6,166.2,4571.4,NA,NA,NA,27298.6,7000.8,NA,337105.2,36943,94666.6,80152.6,NA,8427.6,2378.2,150459.8,NA,NA,NA,NA,NA,56.8,NA,NA,9004.6,NA,4581.2,NA,NA,2846.4,NA,NA,NA,3267,9019.8,46957,7344.6,NA,NA,1149.8,NA,381,NA,NA
342,NA,NA,NA,NA,NA,NA,NA,NA,13888.2,384.4,NA,NA,NA,NA,NA,NA,NA,411,2015.2,692.2,NA,2194.4,NA,883.6,NA,NA,NA,18803.6,NA,NA,NA,NA,NA,4577.2,NA,NA,NA,NA,NA,NA,NA,NA,NA,NA,NA,NA,NA,NA,NA,NA,NA,629.8,14201.8,4987,2391.6,18705.4,124.2,NA,NA,NA,NA,NA,NA,NA,NA,NA,NA,NA,NA,NA,NA,NA,NA,89300.6,166109.8,NA,644.6,NA,59513,NA,NA,NA,NA,18.2,601.2,NA,NA,NA,NA,NA,NA,NA,NA,NA,NA,NA,13287.4,NA,8490.2,12979.2,661.8,NA,NA,NA,NA,NA,NA,NA,NA,NA,NA,NA,NA,NA,247.6,NA,NA,NA,NA,NA,NA,NA,978.2,7634,NA,4794.2,NA,NA,NA,NA,NA,NA
350,NA,NA,NA,NA,NA,NA,0.4,NA,NA,NA,NA,NA,NA,NA,NA,8778.8,NA,NA,NA,NA,NA,NA,NA,NA,NA,NA,NA,NA,NA,NA,NA,NA,NA,NA,NA,NA,NA,NA,NA,NA,NA,NA,NA,NA,NA,NA,NA,NA,NA,NA,NA,NA,NA,NA,NA,NA,NA,NA,NA,NA,NA,NA,NA,NA,NA,NA,NA,NA,NA,NA,NA,NA,NA,NA,NA,87612.6,NA,NA,NA,NA,NA,NA,NA,NA,NA,NA,NA,NA,NA,NA,NA,NA,NA,NA,NA,NA,NA,NA,NA,NA,NA,NA,NA,NA,NA,NA,NA,NA,NA,NA,NA,NA,5227.4,49084,NA,NA,NA,14349.8,NA,NA,NA,NA,NA,NA,NA,NA,NA,NA,NA,NA,NA,NA
361,NA,NA,NA,NA,3557.4,NA,NA,NA,NA,NA,NA,NA,NA,NA,NA,NA,91.4,1335,NA,NA,NA,NA,NA,1039.6,133.4,NA,2737.6,2397.8,NA,NA,NA,NA,NA,3502.6,NA,NA,NA,NA,NA,NA,8,NA,NA,NA,NA,NA,NA,NA,NA,NA,NA,2355.4,NA,NA,1,NA,663,NA,2,NA,NA,NA,NA,NA,NA,NA,NA,NA,NA,NA,NA,NA,33.2,11374.4,NA,NA,77805.2,NA,40401,NA,11529,64.2,NA,NA,NA,NA,NA,436.6,NA,NA,NA,NA,NA,NA,NA,NA,NA,NA,NA,NA,NA,NA,NA,NA,NA,NA,NA,NA,NA,NA,NA,NA,0.2,NA,32.6,NA,20.8,213.4,NA,NA,NA,NA,NA,NA,NA,NA,NA,NA,NA,NA,26573,NA
362,NA,NA,2196.2,NA,NA,NA,NA,NA,NA,NA,NA,0.2,NA,NA,65,NA,NA,NA,NA,NA,NA,NA,NA,NA,NA,623.8,60.4,540.6,NA,NA,NA,NA,NA,2531,NA,3679.6,NA,2107.2,NA,NA,NA,72346.4,NA,NA,NA,NA,NA,NA,NA,NA,NA,NA,NA,NA,801.4,NA,NA,NA,NA,NA,NA,NA,NA,NA,3,NA,NA,NA,NA,NA,NA,NA,NA,NA,12.8,NA,234.6,79811.6,NA,66354.6,11089.8,NA,NA,NA,NA,NA,NA,67.6,32.6,NA,617.4,NA,NA,NA,NA,NA,563.4,257.8,42380.8,13162.6,NA,7.4,NA,NA,NA,NA,NA,NA,NA,NA,NA,NA,NA,NA,NA,8.8,NA,620,NA,NA,NA,NA,NA,NA,NA,NA,NA,NA,NA,NA,4839.8,NA
363,NA,0.2,NA,NA,8318.8,NA,NA,3067,13445,2156.8,1712.8,6458.2,NA,8221.2,51799,NA,34418.2,115993,2473.6,12533.2,NA,NA,3593.4,11281.8,13047.4,2114,2052.2,61362,NA,NA,NA,NA,NA,9828.6,NA,6780.6,NA,2511.2,9688.4,723.2,NA,81.4,NA,NA,NA,NA,NA,NA,NA,4260.6,34.8,NA,27696.4,33902.8,40751.2,61025.2,1865.2,2253.6,NA,NA,2662.8,NA,NA,1608.2,641.2,NA,NA,NA,12163,11159.2,NA,NA,NA,375191.6,15924.4,NA,1663.6,1987.2,2428969.6,NA,17387.4,647.8,519,1031.8,NA,NA,NA,2116,606.4,NA,NA,2107.8,NA,NA,NA,NA,71724.8,632.8,2561,35448.8,4115.6,NA,NA,4387.4,NA,NA,NA,NA,NA,NA,NA,NA,667.2,NA,6729.2,NA,4285.6,NA,1848,NA,2113.6,21536.2,18556,4582.8,5.6,NA,NA,NA,NA,NA,11837.2,NA
364,NA,NA,NA,NA,NA,NA,NA,NA,NA,NA,NA,NA,NA,NA,NA,NA,NA,NA,NA,NA,NA,NA,NA,NA,NA,NA,NA,NA,NA,NA,NA,NA,NA,NA,NA,NA,NA,NA,NA,NA,NA,NA,NA,NA,NA,NA,NA,NA,NA,NA,NA,NA,NA,NA,NA,NA,NA,NA,NA,NA,NA,NA,NA,NA,NA,NA,NA,NA,NA,NA,NA,NA,NA,NA,NA,NA,NA,16065.8,NA,47004.8,4000.6,NA,NA,NA,NA,NA,NA,NA,NA,NA,NA,NA,NA,NA,NA,NA,NA,NA,NA,NA,NA,NA,NA,NA,NA,NA,NA,NA,NA,NA,NA,NA,NA,NA,NA,NA,NA,NA,NA,NA,NA,NA,NA,NA,NA,NA,NA,NA,NA,NA,NA,NA
369,NA,NA,NA,NA,NA,NA,NA,NA,NA,NA,NA,NA,NA,NA,NA,NA,15652,40898.2,NA,NA,NA,NA,NA,12926.2,8392.6,3886.8,NA,NA,NA,NA,NA,NA,NA,5127.6,NA,NA,NA,NA,NA,NA,NA,NA,NA,NA,NA,NA,NA,NA,NA,NA,NA,9353.2,4664.6,6230.4,18136.2,32476.6,NA,NA,NA,NA,NA,NA,NA,NA,NA,NA,NA,NA,NA,NA,NA,16163.6,NA,40595.2,20576.6,NA,72326,40728.6,32314,40683.4,507308.4,NA,NA,NA,NA,NA,NA,20864,NA,NA,1756,NA,NA,NA,NA,NA,13919.2,6539.6,5017.8,38445.8,3349.4,NA,NA,NA,NA,NA,NA,NA,NA,NA,NA,NA,NA,NA,NA,NA,NA,NA,NA,NA,11301,18351.8,4503.2,NA,NA,NA,NA,NA,NA,NA,NA,NA
371,NA,NA,2050.6,NA,NA,NA,NA,19614,NA,NA,NA,NA,NA,NA,NA,NA,6588.4,NA,NA,NA,NA,NA,NA,NA,6959.2,NA,NA,28842.2,NA,25032.8,NA,NA,NA,2170.2,NA,7093.2,NA,3109,20460.2,24138.8,NA,NA,NA,NA,NA,NA,4636.8,NA,NA,NA,NA,NA,NA,NA,NA,NA,NA,2653.8,NA,6680,79041,3838.4,10672.8,NA,NA,12926,NA,1.6,NA,NA,NA,NA,NA,23,NA,NA,NA,NA,NA,NA,9406,58925.4,NA,33692.2,NA,NA,NA,NA,19667,NA,15994,NA,4514.4,NA,NA,NA,NA,NA,NA,NA,NA,NA,NA,19989.6,NA,NA,NA,NA,NA,NA,NA,NA,NA,NA,NA,NA,NA,NA,NA,NA,NA,58376.8,2150.4,NA,81763.4,NA,NA,NA,NA,NA,NA,NA
372,NA,NA,6833.4,NA,NA,NA,NA,NA,NA,NA,NA,NA,NA,NA,NA,NA,102.4,20171.4,NA,NA,NA,NA,NA,NA,168.4,NA,NA,3846.2,NA,NA,NA,NA,NA,NA,NA,NA,NA,NA,NA,NA,NA,NA,NA,NA,NA,6415.8,NA,NA,NA,NA,NA,NA,6486.2,NA,NA,11261.4,NA,4243.8,2581,NA,NA,NA,NA,NA,NA,25110.6,NA,NA,NA,NA,NA,2089.6,NA,13824.4,NA,NA,NA,NA,28786.8,NA,10787.4,31555.6,104853.6,803,2431.2,NA,NA,NA,NA,10951,NA,NA,NA,NA,NA,NA,NA,NA,NA,2173,2722.2,NA,NA,NA,NA,NA,NA,NA,NA,NA,NA,NA,NA,NA,NA,NA,NA,NA,NA,NA,NA,617.4,NA,NA,10929,NA,NA,NA,NA,7531,17456.2,NA
373,NA,NA,NA,NA,NA,NA,NA,NA,NA,NA,NA,NA,NA,NA,NA,NA,NA,NA,NA,NA,NA,NA,NA,NA,NA,NA,NA,NA,NA,NA,NA,NA,NA,NA,NA,NA,NA,NA,NA,NA,NA,NA,NA,NA,NA,NA,NA,NA,NA,NA,NA,NA,0.2,NA,NA,NA,NA,NA,NA,NA,NA,NA,NA,NA,NA,NA,NA,NA,NA,NA,NA,NA,NA,NA,NA,NA,NA,NA,NA,NA,NA,NA,807.4,15642.2,2043.6,NA,NA,NA,NA,NA,NA,NA,NA,NA,NA,NA,NA,NA,NA,NA,NA,NA,NA,NA,NA,NA,NA,NA,NA,NA,NA,NA,NA,NA,NA,NA,NA,NA,NA,NA,NA,NA,NA,NA,NA,NA,NA,NA,NA,NA,NA,NA
379,34.6,NA,146430,NA,NA,NA,NA,95920.4,180002.2,333.4,NA,NA,NA,NA,NA,NA,1214.8,NA,24114.4,2106.4,37716.8,521.8,35498.2,126298,148482.2,90964,99350.4,570189.2,75023.2,66446,NA,NA,NA,694432.8,11116.6,42302.8,NA,16836.8,8647.8,NA,3854,12883.4,NA,NA,NA,2497,13831.4,NA,1496,107173.4,19745.8,74770.2,124243.6,6494.2,NA,137555.4,122002.8,33279.6,25955.8,NA,180261.8,NA,28791.2,43960,82089.4,9204,1588,NA,7860.4,NA,NA,1.8,NA,104009.6,2677.2,NA,73215,NA,93182.6,4394,95401.4,205807.2,193021.2,105740.2,1262990.8,NA,49535.4,117774,44552.4,13409.2,NA,22659,3939.4,NA,51028.6,NA,236657.4,355700.4,NA,79731,26450.6,NA,10372.2,49005.2,NA,3873,65001.6,43440.8,23854.8,NA,NA,NA,162610.4,NA,91780.4,570189.2,1122,80614.2,NA,NA,NA,42373.8,31036.4,NA,57913,2268.2,NA,NA,NA,NA,42433.6,NA
380,NA,NA,NA,NA,0.4,NA,NA,NA,101,NA,NA,NA,NA,NA,4743.4,NA,NA,NA,NA,NA,NA,NA,NA,NA,NA,NA,NA,NA,NA,NA,NA,NA,0.2,NA,NA,NA,NA,NA,NA,NA,NA,NA,NA,NA,NA,NA,NA,NA,NA,NA,NA,NA,NA,NA,NA,NA,NA,NA,NA,NA,14553.8,34936.4,NA,NA,NA,NA,8388.8,NA,NA,NA,NA,NA,NA,NA,NA,NA,NA,NA,NA,NA,NA,NA,NA,NA,NA,39872.8,NA,5960.6,NA,NA,NA,NA,109.4,NA,2849.6,NA,NA,NA,NA,NA,NA,NA,NA,NA,1947.2,NA,NA,NA,NA,NA,NA,NA,NA,NA,NA,7775,NA,NA,4113.6,NA,NA,NA,NA,NA,NA,NA,NA,NA,NA,NA,NA,0.2
391,2266.8,NA,18365.6,NA,4650.8,NA,NA,4374.8,21029.8,NA,495.4,11028.4,NA,NA,14.4,NA,7333.8,NA,NA,NA,NA,NA,NA,604.2,493,583.4,795.8,22241,NA,1355.2,NA,NA,NA,32793.2,NA,3942.6,NA,559682.6,6023.2,43052.6,4594.2,1861.6,2394.2,NA,6600,6675.2,26089.8,NA,NA,793.6,NA,NA,NA,6402,NA,NA,NA,18918.2,19941,1987.8,4354,NA,20068,1066.8,NA,1161,NA,NA,NA,NA,NA,NA,NA,6814.2,1818.2,NA,NA,NA,1704.2,NA,NA,7003.2,NA,20274.8,13377.2,NA,303296.6,15533,49510.4,36594.6,17221,NA,NA,18047.4,NA,NA,912.4,NA,3421,3767.6,NA,NA,NA,1785.6,155385.2,NA,NA,NA,1997.6,999.2,NA,NA,189431,NA,13049.4,NA,NA,NA,4156,NA,NA,NA,26434.2,4431,825.4,NA,NA,NA,NA,10921.2,6388.2,NA
392,NA,NA,NA,NA,NA,NA,NA,NA,NA,NA,NA,NA,NA,NA,NA,NA,NA,NA,NA,NA,NA,NA,NA,NA,NA,NA,NA,NA,NA,NA,NA,NA,NA,NA,NA,NA,NA,NA,NA,2.2,NA,NA,NA,NA,593.2,67.6,NA,NA,NA,NA,NA,NA,NA,NA,NA,NA,NA,NA,NA,NA,NA,NA,NA,NA,NA,NA,NA,NA,NA,NA,NA,NA,NA,NA,NA,NA,NA,1990.8,NA,1,NA,NA,NA,NA,NA,NA,10960.6,227390.8,4558.2,5833.4,15127,NA,NA,NA,NA,NA,NA,19378,NA,8.2,NA,NA,NA,NA,NA,NA,NA,NA,NA,NA,NA,NA,NA,NA,NA,NA,NA,NA,NA,NA,NA,NA,6539.8,NA,NA,NA,NA,NA,NA,NA,NA,NA
393,NA,NA,NA,NA,NA,NA,NA,NA,NA,NA,NA,NA,NA,NA,NA,NA,NA,NA,NA,NA,NA,NA,NA,NA,NA,NA,NA,NA,NA,NA,NA,NA,NA,NA,NA,NA,NA,12394.8,NA,NA,NA,NA,NA,NA,NA,NA,NA,NA,NA,NA,1340.6,NA,NA,NA,NA,NA,NA,NA,962.2,NA,NA,NA,NA,NA,NA,NA,NA,NA,NA,NA,NA,NA,NA,NA,NA,NA,NA,169.4,NA,NA,NA,NA,NA,NA,NA,NA,19735.2,1909.2,22294,4177.6,2130.4,NA,NA,NA,NA,NA,NA,1226.4,NA,NA,NA,NA,NA,NA,NA,NA,NA,NA,NA,NA,NA,NA,NA,NA,NA,NA,NA,NA,NA,NA,NA,NA,NA,NA,NA,NA,NA,NA,NA,NA,NA,NA
394,NA,NA,NA,NA,NA,NA,NA,NA,NA,NA,NA,NA,NA,NA,NA,NA,NA,NA,NA,NA,NA,NA,NA,NA,NA,NA,NA,NA,NA,NA,NA,NA,NA,NA,NA,NA,NA,NA,NA,NA,NA,NA,NA,NA,NA,NA,NA,NA,NA,NA,NA,NA,NA,NA,NA,NA,NA,NA,NA,NA,NA,NA,NA,NA,NA,NA,NA,NA,NA,NA,NA,NA,NA,NA,NA,NA,NA,NA,NA,NA,NA,NA,NA,NA,NA,NA,NA,NA,NA,5488.8,NA,NA,NA,NA,NA,NA,NA,NA,NA,NA,NA,NA,NA,NA,NA,NA,NA,NA,NA,NA,NA,NA,NA,NA,NA,NA,NA,NA,NA,NA,NA,NA,NA,NA,NA,NA,NA,NA,NA,NA,NA,NA
399,NA,NA,3753.8,NA,503.4,NA,393.2,27734.4,6755.4,NA,NA,12961.2,NA,NA,NA,NA,36616,11480,NA,NA,NA,NA,NA,NA,0.2,2862.4,3015,26537.8,NA,NA,NA,NA,NA,86102.8,NA,597.8,NA,23414.6,NA,7155.8,1461.2,276.4,6160,NA,3204.6,1972.2,18765.8,NA,NA,13,NA,6722.6,0.2,NA,NA,9076,1017.2,10365,9358.8,24062.8,6481.2,1902,NA,NA,NA,24081.6,NA,NA,NA,NA,626.8,NA,NA,10151.8,NA,NA,2121,NA,34506.2,23855.4,641.6,NA,NA,598.2,NA,NA,62093.2,33059.6,56901,47357.8,57573.6,NA,589,20685.6,NA,NA,40963.4,7032.8,38762.2,17285.6,NA,163.6,NA,558,NA,NA,7181.6,NA,3460,0.2,NA,NA,14461.2,NA,26152.4,NA,NA,166.4,1459.6,NA,NA,NA,0.2,25891.8,23966.6,668.8,NA,NA,445.8,NA,21954.6,621.8
401,NA,NA,NA,NA,NA,NA,NA,3881.8,NA,NA,NA,NA,NA,NA,NA,NA,NA,NA,NA,NA,NA,NA,NA,NA,NA,NA,NA,NA,NA,NA,NA,NA,NA,NA,NA,NA,NA,NA,NA,NA,NA,1959.2,1871.6,619.4,NA,NA,NA,NA,NA,NA,NA,NA,NA,NA,NA,NA,NA,NA,NA,NA,NA,NA,NA,3689,NA,2764.4,NA,NA,NA,NA,NA,NA,NA,NA,NA,NA,NA,NA,NA,NA,NA,NA,NA,NA,NA,NA,NA,NA,NA,NA,NA,52675.2,46736.4,26129.8,NA,NA,NA,NA,NA,NA,NA,NA,NA,NA,NA,NA,NA,NA,NA,NA,NA,NA,22628.6,NA,NA,NA,NA,2039.4,NA,NA,NA,NA,NA,NA,NA,NA,NA,NA,NA,NA,NA,NA
402,NA,NA,NA,NA,471.8,NA,NA,2134.6,2076.6,NA,233,NA,NA,1.8,NA,NA,NA,NA,NA,NA,NA,NA,NA,NA,0.2,NA,656.8,622.8,NA,NA,NA,NA,610.2,2054.8,3.4,2044.2,NA,NA,NA,NA,2072.6,NA,NA,NA,0.2,NA,NA,NA,NA,NA,NA,NA,0.2,NA,NA,NA,NA,511.6,NA,NA,NA,NA,1073.2,NA,NA,1936.8,NA,55.8,2056.2,NA,NA,NA,NA,NA,NA,NA,NA,NA,NA,NA,5905.8,NA,NA,89.4,NA,NA,NA,NA,NA,NA,NA,4154.2,50486.4,15693,NA,NA,168,259.6,NA,195.8,NA,NA,2039.8,22.8,NA,NA,0.2,NA,NA,NA,NA,NA,2348.2,NA,724.6,NA,NA,727.4,NA,NA,NA,705.8,NA,NA,17.4,603.6,NA,NA,NA,NA,NA,NA
409,NA,10395,NA,NA,3795.4,NA,NA,113793.2,163904.8,NA,1989,4187.2,NA,14229.2,18792,NA,NA,NA,NA,NA,NA,NA,2698,32418.8,NA,1973.2,4659.8,53153.6,NA,29291.6,NA,NA,NA,48768.4,NA,2035,NA,2184.8,NA,6345,3819.4,7975.4,NA,106213.8,NA,NA,NA,NA,NA,16194.8,NA,NA,NA,NA,NA,NA,NA,NA,NA,NA,NA,7.2,10654.8,3581.8,NA,24939,26668.2,15474.2,NA,1608.8,361,NA,NA,NA,NA,NA,NA,NA,NA,NA,NA,NA,NA,NA,NA,NA,NA,NA,NA,NA,62700,191257.8,NA,295844,11912.2,NA,NA,NA,NA,NA,NA,NA,NA,NA,NA,NA,NA,NA,NA,NA,NA,NA,91247.8,NA,3165.6,NA,NA,105004.6,3411.8,NA,NA,NA,NA,NA,NA,19774.8,NA,NA,NA,NA,NA,NA
411,NA,NA,NA,14527.6,NA,NA,NA,NA,14197.2,6335.8,758,2381.6,NA,12420.6,2438,NA,NA,NA,NA,NA,NA,NA,NA,NA,NA,NA,NA,NA,NA,NA,244.4,NA,77274.6,NA,NA,4368,NA,NA,NA,0.4,NA,NA,NA,NA,NA,NA,NA,NA,NA,NA,NA,NA,NA,NA,NA,NA,NA,NA,NA,NA,2840,NA,NA,NA,NA,NA,NA,NA,NA,NA,1.2,NA,NA,NA,NA,NA,NA,NA,NA,NA,NA,NA,NA,NA,NA,NA,11.8,NA,NA,NA,72.2,NA,NA,2.6,594341.8,164223,NA,NA,NA,NA,NA,NA,NA,NA,NA,NA,0.2,NA,NA,NA,NA,NA,4.6,NA,NA,NA,NA,NA,12084,NA,NA,NA,NA,NA,NA,198888,82589.6,123361.6,NA,NA,NA,NA
419,NA,NA,NA,NA,NA,NA,NA,NA,NA,NA,NA,NA,NA,NA,NA,NA,NA,NA,NA,NA,NA,NA,NA,NA,NA,NA,NA,NA,NA,NA,NA,NA,NA,NA,NA,NA,NA,NA,NA,NA,NA,NA,NA,NA,NA,NA,NA,NA,NA,NA,NA,NA,NA,NA,NA,NA,NA,NA,NA,NA,NA,NA,NA,NA,NA,NA,NA,NA,NA,NA,NA,NA,NA,NA,NA,NA,NA,NA,NA,NA,NA,NA,NA,NA,NA,NA,NA,NA,NA,NA,NA,NA,NA,NA,NA,5865.4,NA,NA,NA,NA,NA,NA,NA,NA,NA,NA,NA,NA,NA,NA,NA,NA,NA,NA,NA,NA,NA,NA,NA,NA,NA,NA,NA,NA,NA,NA,NA,NA,NA,NA,NA,NA
421,40620.6,NA,506.4,NA,1754,NA,NA,NA,6992,NA,0.2,18917,NA,NA,1799.2,NA,12167.6,11992.4,10.8,10788.4,12330.8,7388.4,2147.4,11953.4,2066.2,1699,4317.8,1878.4,NA,78.8,NA,NA,502.6,42197.6,NA,NA,NA,NA,NA,123.2,18144,1151.6,NA,NA,NA,NA,3644.2,82.4,NA,1770.6,NA,732,71592.4,38414,21205.6,83954.2,1434,3785.6,NA,NA,67.4,1877.4,NA,NA,507.4,1678.4,NA,NA,NA,NA,NA,2003,NA,254533.4,149621.8,NA,6370.2,735.4,170921.8,1875.2,45759.8,20626,3633.2,2556.6,17329.6,NA,2145.6,1878.6,NA,NA,5623.2,573.6,NA,NA,NA,NA,346170.6,75095,5726.8,173762,9575.6,524.2,4116.8,2991.8,NA,0.2,611.2,606.6,NA,NA,NA,NA,NA,NA,NA,NA,1892.2,NA,NA,NA,2.4,813.4,1953.6,8039.6,3988.2,564.2,NA,NA,NA,1545.8,336.8,NA
422,NA,NA,NA,NA,NA,NA,NA,NA,1758.2,NA,NA,NA,NA,NA,NA,NA,NA,NA,NA,NA,NA,NA,NA,NA,NA,NA,NA,NA,NA,NA,NA,NA,NA,NA,NA,9946.2,NA,20683.8,NA,8238.4,5986.2,NA,NA,NA,NA,NA,NA,NA,NA,NA,NA,NA,NA,NA,3347.6,NA,NA,NA,5862,NA,NA,NA,NA,NA,NA,NA,NA,NA,7803.6,NA,NA,NA,NA,NA,NA,NA,NA,NA,NA,NA,NA,NA,NA,NA,NA,NA,13130,160404.8,25006.6,NA,209701.8,NA,NA,NA,NA,NA,NA,457697.2,NA,145946,NA,NA,NA,NA,3923.2,NA,NA,NA,NA,NA,NA,NA,7731,NA,NA,NA,NA,NA,NA,NA,NA,NA,NA,NA,NA,NA,NA,NA,15404,3051.2,NA,NA
423,NA,NA,NA,NA,NA,NA,NA,NA,NA,NA,NA,NA,NA,NA,NA,NA,NA,NA,NA,NA,NA,NA,NA,NA,NA,NA,NA,NA,NA,NA,NA,NA,NA,NA,NA,NA,NA,NA,NA,NA,NA,NA,NA,NA,NA,NA,NA,NA,NA,NA,NA,NA,NA,NA,NA,NA,NA,NA,NA,NA,NA,NA,NA,NA,NA,NA,NA,NA,NA,NA,NA,NA,NA,NA,NA,NA,NA,NA,NA,NA,NA,NA,NA,NA,NA,NA,NA,NA,NA,NA,NA,NA,NA,NA,NA,NA,1936,NA,44563.4,1889.4,NA,NA,NA,NA,NA,NA,NA,NA,NA,NA,NA,NA,NA,NA,NA,NA,NA,NA,NA,NA,NA,NA,NA,NA,NA,NA,NA,NA,NA,NA,NA,NA
429,NA,NA,NA,NA,0.2,NA,NA,37189.4,12807,NA,19.2,1949,NA,2741.4,NA,265.4,9276.8,8335.6,NA,1701.4,NA,5750.6,36.2,5478.2,1802.2,884.8,3606.8,15361,NA,NA,NA,NA,NA,5816,NA,NA,NA,3584,NA,2334.2,19.2,NA,5519,NA,NA,NA,NA,NA,NA,NA,NA,34422.4,32706.8,33328.4,21833.4,32075.2,2480.8,11383.6,19530.4,NA,1916.2,NA,12.8,NA,NA,NA,NA,NA,NA,190.8,NA,NA,49.2,96826.6,17653.2,NA,40125.8,8268.2,157129.4,36307.4,23106.2,7146.6,521.8,11235.2,12264.4,NA,NA,15455.8,7886.8,2179.2,16527.6,0.2,NA,NA,NA,NA,81118,26953.4,138494.4,629350,NA,1495.8,NA,NA,NA,NA,NA,NA,7828.2,NA,NA,NA,1850.4,NA,2904,NA,11386.8,NA,NA,NA,17953.6,9322.2,NA,24916.2,19809.6,3051.6,NA,NA,1428,200.8,1592.2,NA
441,NA,NA,NA,NA,NA,NA,NA,NA,NA,NA,NA,7010,NA,NA,NA,NA,97,697.2,NA,NA,NA,NA,NA,138.2,NA,NA,2070,24.6,NA,NA,NA,NA,NA,706.6,NA,NA,NA,NA,NA,NA,NA,NA,NA,NA,NA,NA,NA,NA,NA,NA,2169.8,1450.2,779.4,2.8,NA,24200,643,NA,NA,NA,NA,NA,1909.4,NA,NA,NA,NA,NA,NA,NA,NA,NA,NA,12222.6,NA,NA,NA,NA,36854.4,NA,NA,NA,NA,NA,2202,NA,NA,0.2,NA,NA,NA,NA,NA,NA,NA,NA,728.2,NA,NA,NA,83061.6,NA,NA,NA,NA,NA,NA,NA,NA,NA,NA,NA,NA,NA,NA,NA,NA,NA,NA,NA,NA,NA,NA,NA,667.2,NA,NA,NA,NA,NA,NA,NA
451,NA,NA,NA,NA,NA,NA,NA,NA,NA,NA,NA,NA,NA,NA,NA,NA,NA,NA,NA,NA,NA,NA,NA,NA,NA,NA,NA,NA,NA,NA,NA,NA,NA,NA,NA,NA,NA,NA,NA,NA,NA,NA,NA,NA,NA,NA,NA,NA,NA,NA,NA,NA,NA,NA,NA,NA,NA,NA,NA,NA,NA,NA,NA,NA,NA,NA,NA,NA,NA,NA,NA,NA,NA,NA,NA,NA,NA,NA,NA,NA,NA,NA,NA,NA,NA,NA,NA,NA,NA,NA,NA,NA,NA,NA,NA,NA,NA,NA,NA,NA,NA,4115.2,NA,25,NA,NA,NA,NA,NA,NA,NA,NA,NA,NA,NA,NA,NA,NA,NA,NA,NA,NA,NA,NA,NA,NA,NA,NA,NA,NA,NA,NA
452,2283,NA,9793.2,NA,NA,NA,NA,NA,NA,NA,NA,NA,NA,NA,NA,NA,10772.4,NA,NA,NA,NA,NA,17627.6,35255.2,11664,1990.6,23182.2,39456.6,15276.8,1957,NA,NA,NA,10008.2,NA,NA,NA,NA,NA,NA,NA,NA,NA,NA,NA,16.4,NA,NA,NA,6252,NA,NA,NA,NA,NA,8067.8,NA,NA,NA,NA,NA,NA,29804.4,NA,NA,0.4,NA,NA,NA,NA,NA,NA,NA,4960.6,NA,NA,NA,NA,63322.4,NA,NA,1392,NA,7576.2,43089.8,NA,NA,NA,NA,NA,NA,NA,NA,NA,NA,NA,23707.2,NA,NA,39172.6,2329.6,8161.2,21573,15661.6,NA,232.8,10127.6,1576.4,NA,NA,NA,NA,9797,NA,NA,NA,NA,NA,NA,NA,NA,2238.8,NA,NA,4156.6,NA,NA,NA,NA,NA,NA,NA
459,NA,NA,NA,NA,NA,NA,NA,NA,13807.4,NA,NA,7405.2,NA,NA,NA,NA,NA,NA,NA,8204.2,6070.6,NA,39172.6,25162.4,2364.6,17870.4,2185.6,44590,NA,35933,NA,NA,NA,48382,NA,NA,NA,NA,NA,27679.2,41483.6,NA,NA,NA,NA,NA,NA,NA,NA,NA,NA,NA,3921.6,14757,NA,25718.8,NA,6196.6,NA,NA,115357.2,2655.4,NA,NA,NA,67915.4,NA,NA,9251.2,NA,NA,NA,NA,23374.2,NA,NA,NA,17627.6,21911.2,NA,NA,115558.8,5864,NA,60717.4,NA,NA,NA,4441,NA,NA,NA,NA,NA,NA,NA,16957.4,8975.4,23722.8,25618.8,NA,14131.4,133186.6,41277,NA,NA,NA,NA,3853.8,NA,NA,NA,4549.4,NA,16660,NA,NA,17627.6,NA,NA,NA,16156.2,15573.2,NA,15704.6,NA,NA,NA,NA,NA,34528.6,NA
460,NA,NA,NA,NA,16020.6,NA,NA,NA,38917.8,789,24.6,14634.8,NA,2594.2,14389.2,NA,NA,NA,NA,NA,NA,NA,NA,NA,1790.6,2126.8,NA,6713.4,2190.4,NA,NA,NA,15233,81714.6,NA,7497.6,NA,115361.8,NA,1067.8,146605.6,NA,28840.4,34772,NA,NA,NA,NA,NA,2876.6,NA,NA,9816.8,NA,NA,3198.4,NA,NA,14704.8,11414.6,639,30462.8,3968.2,8970.4,NA,NA,NA,13837.2,65597.6,NA,NA,NA,NA,7012.8,2259.2,NA,14030.8,NA,NA,NA,12021.6,2615.4,NA,NA,4114,48281.4,25562.2,NA,6866.2,NA,7466,NA,NA,18725.2,688.4,NA,NA,NA,NA,48408.8,NA,NA,NA,4508.8,111412.2,NA,NA,NA,NA,NA,NA,NA,78741.6,NA,18632.4,13027.2,76215.8,15834.6,52292.6,NA,NA,NA,NA,2251.4,6306.6,3490.4,NA,NA,NA,26091,9240.4,NA
471,NA,NA,NA,NA,NA,NA,NA,447,NA,NA,NA,NA,NA,NA,NA,NA,NA,NA,NA,NA,NA,NA,NA,NA,NA,NA,NA,NA,NA,NA,NA,NA,NA,NA,NA,NA,NA,NA,NA,NA,NA,NA,NA,NA,NA,NA,NA,NA,NA,NA,NA,NA,NA,NA,NA,NA,NA,NA,NA,NA,NA,NA,2599.6,NA,NA,NA,NA,NA,NA,NA,NA,NA,NA,NA,NA,NA,NA,NA,NA,NA,NA,NA,NA,NA,NA,NA,NA,NA,NA,NA,NA,NA,NA,NA,NA,NA,NA,NA,NA,NA,NA,NA,NA,NA,NA,5485.2,NA,NA,NA,NA,NA,NA,NA,NA,NA,NA,NA,NA,NA,NA,NA,NA,NA,NA,NA,NA,NA,NA,NA,NA,NA,NA
472,8018,NA,38303.2,NA,532.4,NA,NA,24595.4,NA,5430.6,NA,NA,NA,NA,NA,NA,NA,NA,NA,NA,NA,NA,NA,NA,4531.2,3981.8,13587.8,50153.6,NA,12968.6,NA,NA,NA,8024.6,2.2,32098.2,10335.6,65655,42066.8,58768,NA,12663,NA,19130.4,NA,17655,21291.2,NA,NA,35795.6,NA,NA,NA,NA,727.8,9439.8,NA,29428.2,NA,56172,NA,NA,24477,NA,16073.2,3732.4,NA,10186.8,NA,NA,NA,NA,NA,30569.6,NA,NA,NA,NA,3505.4,NA,NA,14223.2,455.8,7930,NA,NA,NA,6501,9960.4,26081.8,NA,NA,NA,NA,NA,NA,NA,2744.6,NA,33661,NA,NA,4597.2,7812.2,NA,5663.8,108079,10184.2,10058.2,NA,NA,NA,10561.4,NA,NA,NA,NA,2643,NA,NA,NA,4621.4,NA,NA,NA,NA,3695.4,NA,NA,24200,23341.4,NA
473,632.8,14298.6,5654.6,NA,1301.8,NA,NA,22.2,6546.2,NA,NA,543.2,NA,NA,NA,NA,NA,NA,NA,NA,NA,NA,NA,888.8,4577.6,NA,7830.4,72969.4,NA,21311.2,NA,NA,2661.4,12305.4,NA,24268.4,NA,859.8,NA,166.4,NA,2097.2,NA,NA,NA,4294.4,9545,NA,NA,5307.4,NA,NA,NA,1139.6,NA,12552.2,NA,3962.6,10,NA,22.8,NA,494,NA,NA,NA,NA,NA,NA,NA,NA,NA,NA,11568.6,16214.2,NA,91.4,NA,NA,NA,NA,1941.2,3666.2,803.2,1909,NA,1319.4,5.2,4198.2,71.6,NA,14633,NA,1279.6,1861.6,NA,NA,NA,NA,7853.2,NA,24073.8,39.2,1544.2,NA,189,56172,252199.4,57656.6,NA,NA,NA,2201.6,NA,NA,NA,NA,1734.8,NA,NA,NA,741.8,11074.2,NA,563.8,NA,NA,NA,NA,NA,136.8,NA
479,497,105461,21463.8,NA,NA,NA,NA,1921.4,NA,NA,NA,NA,NA,NA,NA,NA,NA,NA,NA,704.2,4216.8,NA,1517,NA,NA,NA,5876.6,625395,NA,29709,NA,NA,NA,NA,NA,NA,NA,NA,NA,NA,NA,NA,NA,NA,NA,NA,5868.8,NA,NA,NA,NA,NA,NA,NA,NA,NA,NA,NA,NA,NA,NA,NA,26069.8,NA,6982.4,665.2,NA,NA,NA,NA,NA,NA,NA,NA,NA,NA,NA,NA,397.6,NA,NA,27857.2,NA,NA,287,NA,821.4,NA,NA,NA,NA,NA,NA,NA,21315.2,NA,NA,NA,NA,NA,NA,20735.4,NA,NA,NA,6004.8,56009.4,78119.2,98004.8,NA,NA,NA,6019.8,NA,NA,NA,NA,12103.8,50663.2,NA,NA,NA,2465,2119.6,26079.8,NA,NA,NA,NA,16002.6,788.4,NA
481,NA,NA,NA,NA,NA,NA,NA,NA,NA,NA,NA,NA,NA,NA,NA,NA,NA,NA,NA,NA,NA,NA,NA,NA,NA,NA,NA,NA,NA,NA,NA,NA,NA,NA,NA,NA,NA,NA,NA,NA,NA,NA,NA,NA,NA,NA,NA,NA,NA,NA,NA,NA,NA,NA,NA,NA,NA,NA,NA,NA,NA,NA,NA,NA,NA,NA,NA,NA,NA,NA,NA,NA,NA,NA,NA,NA,NA,NA,NA,NA,NA,NA,NA,NA,NA,NA,NA,NA,NA,NA,NA,NA,NA,NA,NA,NA,NA,NA,NA,NA,NA,NA,NA,NA,NA,NA,NA,NA,NA,44609.8,NA,NA,NA,NA,NA,NA,15.8,1027,NA,NA,NA,NA,NA,NA,NA,NA,NA,NA,NA,NA,NA,NA
482,NA,6725.8,NA,NA,NA,NA,NA,NA,NA,NA,NA,NA,NA,NA,NA,NA,NA,NA,NA,NA,NA,NA,31.6,NA,NA,NA,NA,NA,NA,NA,NA,NA,NA,4362.2,NA,NA,NA,NA,NA,NA,NA,NA,NA,NA,NA,NA,NA,383.4,624.4,4595.8,4770.8,NA,NA,NA,NA,9.8,NA,NA,NA,NA,NA,NA,688,NA,NA,309,NA,NA,NA,NA,NA,NA,NA,NA,NA,NA,NA,NA,NA,NA,NA,NA,NA,NA,NA,NA,NA,NA,NA,NA,NA,NA,NA,NA,NA,NA,NA,NA,NA,NA,NA,NA,NA,NA,NA,NA,457.2,NA,NA,NA,8336.4,601.6,NA,NA,4532.2,NA,NA,591,NA,NA,NA,NA,NA,NA,NA,NA,NA,NA,NA,NA,NA,NA
483,NA,NA,NA,NA,NA,NA,NA,NA,NA,NA,NA,NA,NA,NA,NA,NA,NA,NA,NA,NA,NA,NA,NA,NA,NA,NA,NA,NA,NA,NA,NA,NA,NA,NA,NA,NA,NA,NA,NA,NA,NA,NA,NA,NA,NA,NA,NA,NA,NA,NA,NA,NA,NA,NA,NA,NA,NA,NA,NA,NA,NA,NA,NA,NA,NA,NA,NA,NA,NA,NA,NA,NA,NA,NA,NA,NA,NA,NA,NA,NA,NA,NA,NA,NA,NA,NA,NA,NA,NA,NA,NA,NA,NA,NA,NA,NA,NA,NA,NA,NA,NA,NA,NA,NA,NA,NA,NA,NA,NA,NA,NA,3177.4,NA,NA,NA,NA,NA,NA,NA,NA,NA,NA,NA,NA,NA,NA,NA,NA,NA,NA,NA,NA
484,NA,NA,6658.6,NA,12817,NA,NA,74263.8,44007.8,NA,5724.6,NA,NA,26147.4,18166.8,NA,NA,NA,NA,NA,NA,NA,28757.6,NA,2752.4,NA,19758.8,39294.2,NA,23771,NA,NA,0.2,19503,NA,8655.2,NA,NA,8012.6,13105.4,8857.2,98067.4,NA,NA,7324.6,NA,2732,10581.4,NA,54088,32049.2,NA,NA,NA,21558.4,NA,NA,8334.4,NA,NA,NA,91.8,28925.8,9152.6,NA,6201,NA,866.2,19851.2,NA,NA,NA,NA,2286.8,4443.2,50709,NA,NA,2544.6,NA,NA,13395.6,NA,NA,2424.2,NA,30256,NA,NA,NA,2528,22093.4,47692.6,165614.8,4620.6,NA,NA,NA,NA,7036.4,NA,NA,NA,9129.8,2.2,8904,25782.6,NA,NA,6530,NA,NA,1039517.6,NA,87369.2,NA,36808.6,116351.6,130.2,NA,NA,6497.8,NA,4199.8,NA,NA,NA,NA,NA,4741.4,NA,31428.8
485,NA,NA,NA,NA,NA,NA,NA,NA,NA,NA,NA,NA,NA,NA,NA,NA,NA,NA,NA,NA,NA,NA,NA,NA,NA,NA,NA,NA,NA,NA,NA,NA,NA,NA,NA,NA,NA,NA,NA,NA,NA,NA,NA,NA,NA,NA,NA,NA,NA,NA,NA,NA,NA,NA,NA,NA,NA,NA,NA,NA,NA,NA,NA,NA,NA,NA,NA,NA,NA,NA,NA,NA,NA,NA,NA,0.8,NA,NA,NA,NA,NA,NA,NA,NA,NA,NA,NA,NA,NA,NA,NA,NA,NA,NA,NA,NA,NA,NA,NA,NA,NA,NA,NA,NA,NA,NA,NA,NA,NA,NA,NA,NA,NA,36062.4,709.2,NA,NA,NA,NA,NA,NA,NA,NA,NA,NA,NA,NA,NA,NA,NA,NA,NA
486,NA,NA,718.8,NA,3807.2,NA,NA,NA,8274.8,NA,NA,10726.8,NA,NA,NA,NA,NA,NA,NA,NA,NA,NA,1237.8,2081.8,NA,1029.2,104843,4009.2,NA,NA,NA,NA,NA,4879,NA,NA,NA,NA,NA,NA,4368.4,49501.2,5425.2,NA,NA,NA,NA,5173.2,59360.8,11085.4,9159,NA,1297.2,NA,870.2,2378.4,663.2,NA,NA,NA,NA,NA,NA,NA,NA,NA,NA,NA,NA,NA,NA,NA,NA,NA,NA,NA,NA,NA,374,2006.8,NA,1510.2,NA,701.6,NA,NA,NA,NA,NA,NA,NA,NA,4797,NA,NA,NA,NA,NA,7854.4,NA,NA,NA,1302.2,714.2,NA,NA,NA,NA,NA,27739.8,10945.2,6093.4,208305.4,NA,1697303.4,6195.4,25769.6,62807.4,NA,NA,NA,NA,NA,NA,NA,4486.4,NA,NA,NA,NA,NA,NA
487,NA,NA,NA,NA,NA,NA,NA,NA,NA,NA,NA,NA,NA,NA,NA,NA,NA,NA,NA,NA,NA,NA,NA,NA,NA,NA,NA,NA,NA,NA,NA,NA,NA,NA,NA,NA,NA,NA,NA,NA,NA,NA,NA,NA,NA,NA,NA,NA,NA,NA,NA,NA,NA,NA,NA,NA,NA,NA,NA,NA,NA,NA,NA,NA,NA,NA,NA,NA,NA,NA,NA,NA,NA,NA,NA,NA,NA,NA,NA,NA,NA,NA,NA,NA,NA,NA,NA,NA,NA,NA,NA,NA,NA,NA,NA,NA,NA,NA,NA,NA,NA,NA,NA,NA,NA,NA,NA,NA,NA,NA,NA,NA,NA,NA,NA,2750.8,NA,2236.4,NA,NA,NA,NA,NA,NA,NA,NA,NA,NA,NA,NA,NA,NA
488,NA,NA,NA,NA,633.8,1339.2,NA,NA,2413.6,NA,NA,NA,NA,NA,NA,NA,NA,NA,NA,NA,NA,NA,NA,2144.4,NA,NA,NA,2399.4,NA,3671.2,NA,NA,NA,NA,NA,NA,NA,NA,NA,NA,NA,NA,NA,NA,1374,NA,NA,NA,NA,NA,NA,NA,NA,NA,NA,NA,NA,2168.8,NA,NA,NA,NA,18,NA,NA,556.8,NA,107,6711.4,NA,NA,NA,NA,NA,431.2,1712.8,NA,NA,383.2,NA,NA,NA,NA,NA,NA,NA,NA,NA,NA,NA,NA,19658,NA,3486.4,NA,NA,1990.4,NA,NA,NA,NA,NA,NA,NA,NA,NA,10712.2,NA,NA,10727.6,NA,2127.2,44143.2,619.4,8797.8,6202.4,402217.2,35214.2,NA,NA,NA,NA,NA,NA,NA,NA,NA,NA,NA,67.4,NA,NA
489,39283.4,4097.4,4835,NA,130815.6,NA,NA,39986.6,530767.6,29958.8,67711,184842.6,7430,10558.2,58974.2,NA,NA,24026.6,NA,NA,NA,0.2,61400.8,125141,58974.2,NA,68209,388792.6,NA,23762.2,NA,NA,20546.2,156447.6,NA,18098,NA,NA,65526.8,37466,5198.8,183934,NA,167657,2177.2,31437.6,11706.8,1203.8,NA,60169,NA,NA,15798.6,35926.2,NA,39650,2823.2,166687.2,32252.4,NA,31079.4,8578.8,36664.4,42730,NA,69358,139790.6,28274.8,87369.2,NA,NA,NA,NA,12767.4,50169.6,41500.4,3356.8,6179.6,141597,NA,11348.6,10759.8,61645.4,37599.4,30264.6,NA,58102.6,NA,28395,NA,28119.8,170136.2,NA,10749.2,50931.8,NA,59404.4,37771.8,3058.4,86737.8,NA,NA,5650.6,33525.8,36742.2,303607.8,117950.2,NA,NA,23640.6,NA,NA,914568.6,32208.6,314528.8,83000.6,336535,2124751.2,13812,NA,NA,4491,10,6.2,4361.6,24050.6,NA,NA,NA,46675.2,49601.6,NA
491,NA,NA,NA,NA,4537,NA,NA,NA,32380.4,NA,NA,9033.4,NA,NA,8071.2,NA,NA,NA,NA,NA,NA,NA,NA,NA,NA,NA,NA,NA,NA,NA,NA,NA,6746.6,8480,NA,NA,NA,NA,NA,NA,NA,NA,NA,NA,NA,NA,NA,NA,NA,NA,NA,NA,NA,NA,NA,NA,NA,5984,NA,NA,NA,NA,NA,NA,NA,NA,NA,NA,NA,NA,NA,NA,NA,NA,NA,NA,NA,NA,NA,NA,NA,NA,NA,NA,NA,NA,NA,NA,NA,NA,NA,NA,NA,NA,588.4,NA,NA,NA,NA,NA,NA,NA,NA,NA,NA,NA,NA,NA,NA,NA,NA,NA,4753.6,NA,NA,NA,NA,NA,27974.2,NA,NA,NA,NA,NA,NA,3051.6,NA,NA,NA,NA,NA,1879.2
499,NA,NA,NA,NA,49855.2,NA,NA,NA,47410,32258,12737.4,25666.6,14350,14802.8,NA,NA,NA,NA,NA,NA,NA,NA,NA,NA,NA,NA,12668.8,NA,NA,NA,NA,NA,27783.6,NA,NA,NA,NA,NA,NA,NA,NA,NA,NA,NA,NA,NA,NA,NA,NA,13490.8,NA,NA,NA,13622.2,NA,21184.6,NA,17304.2,NA,NA,NA,NA,NA,NA,NA,NA,8565.4,NA,NA,8838.8,NA,NA,NA,NA,NA,NA,NA,NA,7203.2,NA,NA,NA,10471.2,NA,NA,NA,NA,NA,NA,NA,NA,NA,NA,NA,17378.8,NA,NA,NA,NA,NA,NA,NA,NA,NA,NA,NA,NA,NA,NA,NA,NA,NA,NA,NA,19453.2,NA,NA,NA,68235.4,1308.4,NA,NA,NA,NA,NA,23133.4,NA,2742.2,NA,NA,NA,NA
500,NA,NA,NA,NA,NA,NA,NA,NA,NA,NA,NA,NA,NA,NA,NA,NA,NA,NA,NA,NA,NA,NA,NA,NA,NA,NA,NA,NA,NA,NA,NA,NA,NA,NA,NA,NA,NA,NA,NA,NA,NA,NA,NA,NA,NA,NA,NA,NA,NA,NA,NA,NA,NA,NA,NA,NA,NA,NA,NA,NA,NA,NA,NA,NA,NA,NA,NA,NA,NA,NA,NA,NA,NA,NA,NA,NA,NA,NA,NA,NA,NA,NA,NA,NA,NA,NA,NA,NA,NA,NA,NA,NA,NA,NA,NA,NA,NA,NA,NA,NA,NA,NA,NA,NA,NA,NA,NA,NA,NA,NA,NA,NA,NA,NA,NA,NA,NA,NA,NA,NA,4698.6,NA,NA,NA,NA,NA,NA,NA,NA,NA,NA,NA
511,NA,NA,577.8,NA,366,NA,NA,9581.2,1830.6,NA,NA,517.4,NA,NA,490.6,NA,NA,492.2,NA,NA,55214,NA,420.6,476.6,NA,1437.8,494.8,1913.8,NA,36600.4,NA,NA,NA,6538.6,NA,220.4,NA,NA,NA,11.6,NA,3.6,NA,NA,NA,NA,NA,NA,NA,610.2,NA,5622.6,20072.8,1194.8,NA,3861,2052.8,2833.8,NA,4605,0.2,NA,1276.2,86.8,NA,NA,NA,NA,NA,376.8,335.2,NA,NA,102284,4434.6,481.2,3,NA,535.6,NA,139.6,NA,565.8,1580,NA,NA,NA,598.2,NA,NA,NA,NA,NA,71.2,284.4,NA,1456.8,605.2,104.4,1967.2,NA,NA,7065,536.4,NA,NA,NA,NA,NA,0.2,NA,NA,12542.2,NA,59.6,NA,NA,NA,583.8,NA,NA,18021.4,7868.2,3934,102361.8,462.6,NA,NA,NA,4054.8,NA,NA
512,1050.8,NA,321.8,NA,1121.4,NA,NA,NA,317.8,508.8,NA,NA,NA,59.4,359.6,NA,2509.8,NA,NA,NA,NA,8075.4,482.8,7867.4,6132.4,NA,39018.2,47086.4,NA,2212.2,NA,NA,NA,6147.6,NA,6413.4,NA,637.6,NA,NA,4617.2,497.4,NA,NA,NA,1817.6,16377.8,NA,NA,NA,NA,616.8,8008.8,22772,4203,30684,NA,1943.8,NA,NA,642.6,NA,12283.2,NA,1386.4,NA,14,NA,488.2,190.8,NA,NA,NA,2203.6,2186,NA,285.8,NA,1849.8,0.2,608.2,4963,27877.2,172014.8,29230.4,NA,NA,652.6,1951.2,1079.6,8109.8,NA,NA,NA,NA,252.4,1154.4,672.4,NA,2059.4,450.8,642.2,546.2,24566.8,NA,42.4,574.6,NA,NA,NA,NA,NA,15155,NA,NA,NA,NA,517.2,NA,NA,NA,34803,323386.4,12273.2,40944.6,249.2,NA,NA,NA,NA,613.6,NA
513,NA,NA,NA,NA,NA,NA,NA,NA,264.8,NA,NA,NA,NA,NA,NA,NA,NA,NA,NA,NA,NA,2116.8,NA,275.8,NA,NA,882.2,NA,NA,NA,NA,NA,NA,3.2,NA,18921.8,NA,0.2,NA,NA,NA,NA,NA,NA,NA,NA,NA,NA,NA,NA,NA,NA,2000.2,2099,NA,NA,NA,NA,NA,NA,NA,NA,NA,NA,NA,NA,NA,NA,NA,0.2,NA,NA,NA,NA,NA,NA,NA,NA,NA,NA,NA,0.4,NA,NA,NA,NA,NA,NA,NA,NA,NA,NA,NA,NA,NA,NA,NA,NA,NA,NA,NA,NA,NA,NA,NA,NA,NA,NA,NA,NA,NA,NA,NA,NA,NA,NA,NA,NA,NA,NA,NA,559.8,NA,29825.6,NA,NA,NA,1042.4,NA,NA,NA,NA
519,NA,NA,NA,NA,183.4,NA,NA,10236.2,4053.4,NA,NA,NA,NA,NA,NA,NA,50364,11568.8,5169.8,NA,8506.4,3693.6,27.2,4158,NA,13513.4,10668.8,42426.8,1733.6,12048.4,NA,NA,NA,6573.4,NA,NA,NA,NA,NA,8890.6,NA,NA,NA,NA,1599.2,NA,1929.4,NA,NA,NA,NA,NA,83705.2,49729.4,27035.8,96220,3512.6,20095.2,8361.4,NA,3374.8,4474.2,9046.4,8124.6,NA,14404.2,NA,NA,NA,NA,NA,10085.4,NA,49133.6,40944.6,NA,5658.6,9832.2,69606,NA,6466.4,1395,541.2,31930.8,24566.8,NA,8357.8,4882.8,NA,10879.4,NA,NA,NA,510.2,NA,NA,32178.4,4291.6,3685.4,83230.4,2709.8,NA,NA,26585.4,NA,NA,NA,2524.6,13609.6,NA,NA,NA,NA,1605.6,6166.2,24550.4,NA,8561.6,NA,NA,NA,9429.2,152744.2,10046.4,731825.8,NA,NA,NA,30530.4,5480.6,14330.6,NA
531,NA,NA,NA,4089,10622.8,NA,NA,NA,61112.2,1363.6,NA,9981,NA,2837.6,835.2,NA,NA,NA,NA,NA,NA,NA,1828.4,10236.4,80.6,572.2,1610.6,16503.4,NA,NA,28.8,NA,7890.4,629.4,NA,NA,NA,872.4,NA,NA,11.8,2516.8,NA,NA,NA,0.4,NA,NA,NA,NA,303.6,NA,376,NA,NA,636.4,NA,NA,NA,NA,487.2,NA,197,NA,3.8,2030.8,7010.2,NA,NA,NA,16954.6,NA,NA,1901.8,NA,NA,NA,NA,NA,NA,5.2,0.2,4257.4,NA,1575.8,NA,634.2,NA,6,NA,NA,609.8,NA,NA,176948.2,4044.4,109,NA,NA,NA,NA,NA,NA,NA,NA,432.6,NA,NA,NA,73.4,NA,NA,3840,NA,3461.8,NA,1766.4,NA,39020.8,NA,NA,NA,NA,NA,NA,1241042.4,6636.8,185147.8,NA,2037.8,NA,NA
532,NA,NA,NA,NA,NA,NA,NA,NA,NA,NA,NA,NA,NA,NA,NA,NA,NA,NA,NA,NA,NA,NA,NA,NA,NA,NA,NA,NA,NA,NA,NA,NA,NA,NA,NA,NA,NA,NA,NA,NA,NA,NA,NA,NA,NA,NA,NA,NA,NA,NA,NA,NA,NA,NA,NA,NA,NA,NA,NA,NA,NA,NA,NA,NA,NA,NA,NA,NA,NA,NA,NA,NA,NA,NA,NA,NA,NA,NA,NA,NA,NA,NA,NA,NA,NA,NA,NA,NA,NA,NA,NA,NA,NA,NA,4123.2,9.6,NA,NA,NA,NA,NA,NA,NA,NA,NA,NA,NA,NA,NA,NA,NA,NA,NA,NA,NA,NA,NA,NA,NA,NA,NA,NA,NA,NA,NA,NA,6713,60.2,NA,NA,NA,NA
539,NA,NA,NA,NA,NA,NA,NA,8769.8,78695,5625.4,51088.2,71606.4,NA,5988,NA,NA,NA,NA,NA,NA,NA,NA,NA,NA,NA,NA,NA,NA,NA,NA,NA,NA,7258.4,1247.4,NA,NA,NA,NA,NA,NA,15600.4,7097.8,NA,7296.4,NA,NA,NA,NA,NA,NA,NA,NA,NA,1052.4,NA,7654.2,NA,NA,NA,NA,NA,NA,NA,NA,NA,NA,5287,NA,12975.4,NA,NA,NA,NA,NA,NA,NA,NA,NA,NA,NA,NA,NA,NA,NA,NA,NA,NA,NA,NA,NA,NA,NA,NA,NA,857855.6,5984,NA,NA,NA,NA,NA,NA,NA,NA,NA,NA,NA,NA,NA,NA,NA,NA,8556.8,NA,14900.8,15330.8,NA,NA,NA,NA,NA,NA,NA,NA,NA,325972.4,NA,40128,NA,NA,8029,NA
540,NA,NA,NA,NA,NA,NA,NA,NA,NA,NA,NA,NA,NA,NA,NA,NA,NA,NA,NA,NA,NA,13522.2,NA,NA,NA,NA,NA,36470.6,NA,NA,NA,NA,NA,5338.8,NA,NA,NA,NA,NA,NA,NA,NA,NA,NA,NA,NA,2986.6,NA,NA,NA,NA,20249.2,40498.2,29798.6,9269.8,NA,NA,3269.2,NA,NA,NA,NA,NA,NA,NA,NA,NA,NA,NA,NA,NA,7156.6,NA,52423,15819.6,NA,40498.2,NA,NA,NA,NA,NA,NA,NA,NA,NA,NA,9345,18224.2,NA,NA,NA,NA,NA,NA,NA,8496.4,10545.6,4708.8,8324.2,NA,NA,NA,27267.4,NA,NA,NA,NA,1483.6,NA,NA,NA,NA,NA,NA,NA,NA,NA,NA,NA,NA,NA,1624.2,9308,58722.4,NA,NA,NA,94152.4,NA,NA,NA
551,NA,NA,54,NA,7011.6,NA,NA,2154,13059.2,NA,NA,17314.2,NA,NA,8713.8,NA,750.8,11318.4,143,NA,NA,NA,12477,8594.8,3831.8,1544.6,10855.8,17198.2,NA,844.8,NA,NA,NA,23736,2087.2,19271.8,3994.4,43.2,NA,5698.2,9243.8,477.6,NA,2284,331.6,30299.2,17995.6,NA,NA,NA,NA,6009,NA,3254.8,NA,8201.4,28930.6,27968,4223.8,1455.4,11038,NA,NA,9203.4,273,21776.8,NA,1435.2,520.4,10,36529.2,NA,NA,11035.6,3.6,NA,10801.8,547,27363.2,NA,13918.4,4798.8,NA,NA,NA,NA,1116.4,5881.8,3711,15.6,NA,NA,NA,9,1743.2,NA,21993.8,2540.8,NA,8981.6,1750.2,NA,NA,761.2,NA,NA,NA,NA,NA,6741.2,NA,NA,15429.4,NA,6369.2,1240.2,1839,NA,NA,NA,NA,NA,119.6,18.2,8849.2,2042.2,NA,504,NA,334510.6,74895,0.2
559,8282.2,NA,638,NA,48977.8,NA,NA,14121.2,35370.8,31,677,2247.8,NA,654.6,13519.2,NA,1.8,2082.8,NA,84.8,NA,1984.6,2314.8,110874.4,5857.6,2717.8,11346.6,65413.4,NA,79131.4,NA,NA,NA,143014.8,NA,119508.4,NA,15885,2344.2,5127.4,185438.2,41379.2,NA,228.8,4347.6,4649,4802.2,NA,NA,NA,NA,4766.6,2440,2004.8,13000.8,28347.8,NA,47037.2,66228,13777.4,59280.6,166232.2,20349.2,13245.6,8914.8,1152.8,2505,17493,2362.6,2138.2,173,370.4,NA,11185,NA,191.8,13245.6,NA,58157,630,11163,1226.6,NA,2090,8552.2,NA,14794.6,6027.6,37529.2,26491.2,30100.6,6293.6,1088.2,6186.4,13486.6,NA,72850.8,26859.8,1263.8,182992.2,3130.8,NA,NA,2111,9552,13782.6,24341,NA,NA,4298.4,NA,NA,42463.2,NA,13802.6,NA,12724.8,6872.6,6715,NA,NA,11104.8,NA,17207.6,2236.8,8830.4,NA,1425,NA,37410,456919.2,655
560,NA,NA,NA,NA,NA,NA,NA,NA,NA,NA,NA,NA,NA,NA,NA,NA,NA,NA,NA,NA,NA,NA,NA,NA,NA,NA,NA,NA,NA,NA,NA,NA,NA,NA,NA,NA,NA,NA,NA,NA,NA,NA,NA,NA,NA,NA,NA,NA,NA,NA,NA,NA,NA,NA,NA,NA,NA,NA,NA,NA,NA,NA,NA,NA,NA,NA,NA,NA,NA,NA,NA,NA,NA,NA,NA,NA,NA,NA,NA,NA,NA,NA,NA,NA,NA,NA,NA,NA,NA,NA,NA,NA,NA,NA,NA,NA,NA,NA,NA,NA,NA,NA,NA,NA,NA,NA,NA,NA,NA,NA,NA,NA,NA,NA,NA,NA,NA,NA,NA,NA,NA,NA,NA,NA,NA,NA,NA,NA,NA,NA,NA,6093.4
